"condition","Cell index","KT pairs","KT","KT data path","ch1meanx[]","ch2meanx[]","ch1meany[]","ch2meany[]","ch1SDx[]","ch2SDx[]","ch1SDy[]","ch2SDy[]","ch1tail[]","ch2tail[]","ch1maxtail[]","ch2maxtail[]","ch1lefttailcount[]","ch1righttailcount[]","ch2lefttailcount[]","ch2righttailcount[]","sdxymovementdata[]_Normalized","sistersdxymovementdata[]_Normalized","meanspeeddata[]_Normalized","meanspeedsisterdata[]_Normalized","sdspeeddata[]_Normalized","sdspeedsisterdata[]_Normalized","sdkkdistance[]_Normalized","meankkdistance[]_Normalized","meanxlocation[]","meanylocation[]","meanzlocation[]"
1,2,3,1,"C:\Users\taoji\OneDrive - UCSF\Desktop\20240227 analysis\Control (new 100x obj) analysis\cell 2\ch1\12-14\12\(+-1)\ch1KT12.csv",0.4123619185760292,0.36408404606561223,0.4104445711435312,0.37867602829499686,0.059078731443981215,0.03679357165474818,0.03176685639570837,0.02427556062596292,"False","False",0,0,0,0,0,0,1.725058564063996,1.725058564063996,1.5970772664862618,1.5970772664862618,1.9475674897126996,1.9475674897126996,1.7677162633666392,0.8971248273123751,12.214590976841025,10.17070046184724,1.1335160936291455
1,2,3,2,"C:\Users\taoji\OneDrive - UCSF\Desktop\20240227 analysis\Control (new 100x obj) analysis\cell 2\ch1\12-14\14\(+-1)\ch1KT14.csv",0.42387511211203327,0.38752445057895096,0.4670814510974713,0.42851206493094923,0.033313609713714144,0.019801469499485906,0.03182717631576673,0.024421626830832717,"False","False",0,0,0,0,0,0,1.3270489467016797,1.3270489467016797,0.8132695258232471,0.8132695258232471,0.6125306395737982,0.6125306395737982,1.7677162633666392,0.8971248273123751,14.723499814383038,9.64887823585775,1.2622603132656485
1,2,5,1,"C:\Users\taoji\OneDrive - UCSF\Desktop\20240227 analysis\Control (new 100x obj) analysis\cell 2\ch1\13-5\13\(+-1)\ch1KT13.csv",0.4222127994896012,0.3826876551661997,0.47913725657077594,0.4158990064137145,0.040836173125711826,0.04664089110210574,0.03310637201372136,0.034595398352482536,"False","False",0,0,0,0,0,0,1.2598583780925694,1.2598583780925694,0.9363825775206397,0.9363825775206397,0.7378654070472661,0.7378654070472661,1.6229419388147166,1.0283130606332302,12.940549842756644,12.794005775889099,0.4156421359741611
1,2,5,2,"C:\Users\taoji\OneDrive - UCSF\Desktop\20240227 analysis\Control (new 100x obj) analysis\cell 2\ch1\13-5\5\(+-1)\ch1KT5.csv",0.4151857529955341,0.3669337685278921,0.417677479162033,0.37299292550950414,0.02341895712212018,0.015408112248654864,0.026533752711303444,0.01115410691713742,"False","False",0,0,0,0,0,0,0.9331990978719809,0.9331990978719809,1.3550455522891132,1.3550455522891132,1.4855096350589228,1.4855096350589228,1.6229419388147166,1.0283130606332302,15.76435041752335,12.052808570252141,0.9915390338332523
1,2,7,1,"C:\Users\taoji\OneDrive - UCSF\Desktop\20240227 analysis\Control (new 100x obj) analysis\cell 2\ch1\2-1\1\(+-1)\ch1KT1.csv",0.40857749014945216,0.3855351062373004,0.4169483570161459,0.3681805657618837,0.022327476127359445,0.021989488072149586,0.02589617556768625,0.013689371708730885,"False","False",0,0,0,0,0,0,0.3613268853557937,0.3613268853557937,0.8978823899973838,0.8978823899973838,0.8392720706137722,0.8392720706137722,0.4221924000137831,0.9981140054376014,14.095295528189034,4.854061383868206,1.316175184044279
1,2,7,2,"C:\Users\taoji\OneDrive - UCSF\Desktop\20240227 analysis\Control (new 100x obj) analysis\cell 2\ch1\2-1\2\(+-1)\ch1KT2.csv",0.4325750000806528,0.3813246307149083,0.39537978923086015,0.3627336863461994,0.018532228182297876,0.0163012423443247,0.015679437951479434,0.013385577746292853,"False","False",0,0,0,0,0,0,0.356438093378842,0.356438093378842,0.7757762787458024,0.7757762787458024,0.8470973323964481,0.8470973323964481,0.4221924000137831,0.9981140054376014,11.44474431741054,5.872804626743641,1.4205939803869356
1,2,9,1,"C:\Users\taoji\OneDrive - UCSF\Desktop\20240227 analysis\Control (new 100x obj) analysis\cell 2\ch1\3-0\0\(+-1)\ch1KT0.csv",0.4447158149421793,0.436153963425836,0.39247316711458463,0.3883436848587761,0.02907128722607539,0.03137568574590477,0.025363596217459206,0.02867976856818033,"True","True",-0.18055181278118299,0.5393687559061585,1,0,0,3,0.4516580840945138,0.4516580840945138,0.8334615439592933,0.8334615439592933,0.5944923633431921,0.5944923633431921,0.49345826784541624,0.9117168189635069,14.350383485370765,6.204871077511518,1.8797883660327068
1,2,9,2,"C:\Users\taoji\OneDrive - UCSF\Desktop\20240227 analysis\Control (new 100x obj) analysis\cell 2\ch1\3-0\3\(+-1)\ch1KT3.csv",0.44095579013707903,0.4059321806122256,0.42086445163124186,0.3803805813813413,0.030231637906092516,0.022929580861503405,0.03612927775912069,0.028842546760174483,"False","False",0,0,0,0,0,0,0.40936738898413766,0.40936738898413766,0.7679809704508788,0.7679809704508788,0.8883215131344602,0.8883215131344602,0.49345826784541624,0.9117168189635069,11.943099843552725,7.177137494053861,1.5685035185607035
1,2,11,1,"C:\Users\taoji\OneDrive - UCSF\Desktop\20240227 analysis\Control (new 100x obj) analysis\cell 2\ch1\8-6\6\(+-1)\ch1KT6.csv",0.5544878948509949,0.455772994087264,0.40057000169461604,0.37957545503857676,0.05745005444571684,0.03485095678036182,0.03354359889773141,0.033531286749621345,"True","False",0.480668255072023,0,1,1,0,0,1.6706052389086938,1.6706052389086938,1.0952074185959904,1.0952074185959904,1.0250116049747855,1.0250116049747855,0.6994346120970765,1.1639437898376424,16.10767798710057,13.250034960424294,2.17594673870322
1,2,11,2,"C:\Users\taoji\OneDrive - UCSF\Desktop\20240227 analysis\Control (new 100x obj) analysis\cell 2\ch1\8-6\8\(+-1)\ch1KT8.csv",0.4070861654733628,0.3591798013240626,0.48566360282201027,0.41399418490792567,0.020830122586575434,0.016019011570034537,0.03545051148281356,0.0201642282066363,"False","False",0,0,0,0,0,0,1.5054393225477913,1.5054393225477913,0.9279164761313892,0.9279164761313892,1.0223319441446552,1.0223319441446552,0.6879476478218121,1.1655187854689313,13.010080183979898,14.433753624343444,1.955423119187681
1,3,3,1,"C:\Users\taoji\OneDrive - UCSF\Desktop\20240227 analysis\Control (new 100x obj) analysis\cell 3\ch1\10-14\10\(+-1)\ch1KT10.csv",0.38738794874088384,0.3598160403331292,0.43434196166382677,0.4012907238400231,0.03469183380663777,0.038374664036783884,0.03162820001551274,0.03478099893126029,"False","True",0,0.7222908833968987,0,0,1,1,1.2601950623528027,1.2601950623528027,1.2392916343144798,1.2392916343144798,1.2842627857116093,1.2842627857116093,1.5414682716055395,1.0561442266530563,11.612085027249941,10.200690148873775,1.1122892493584644
1,3,3,2,"C:\Users\taoji\OneDrive - UCSF\Desktop\20240227 analysis\Control (new 100x obj) analysis\cell 3\ch1\10-14\14\(+-1)\ch1KT14.csv",0.4060417007341602,0.3695685241673389,0.4952524113817907,0.42971093635286634,0.0863455958561648,0.04276225248886486,0.08516415690660503,0.03135454001386012,"True","True",-0.8234210122008627,-0.5597142284051059,5,2,1,0,1.0324420658319753,1.0324420658319753,0.8592409254623414,0.8592409254623414,0.9063496265040444,0.9063496265040444,1.5414682716055395,1.0561442266530563,13.868547426505826,10.296467200268069,1.045738098505776
1,3,5,1,"C:\Users\taoji\OneDrive - UCSF\Desktop\20240227 analysis\Control (new 100x obj) analysis\cell 3\ch1\11-13\11\(+-1)\ch1KT11.csv",0.44910815127688064,0.42625934731062826,0.48929696905395603,0.4305373733935353,0.047003711710999894,0.04496942265563507,0.05585250794042819,0.044317035856424714,"True","True",0.47000370048001044,0.4306539662599451,0,4,0,1,0.676861785060794,0.676861785060794,0.7587621832256756,0.7587621832256756,0.6364163944783355,0.6364163944783355,0.7227931014428279,1.0430347118212033,13.498605116770669,15.38763452327735,1.9369557212362178
1,3,5,2,"C:\Users\taoji\OneDrive - UCSF\Desktop\20240227 analysis\Control (new 100x obj) analysis\cell 3\ch1\11-13\13\(+-1)\ch1KT13.csv",0.41973241593601085,0.3692625773277966,0.4291555853134895,0.38671777325455986,0.056558770113558324,0.02958565833819926,0.05815543837065825,0.030598021785557167,"True","True",0.8247187647157062,-0.6529303185275321,5,2,3,0,0.7171468689607227,0.7171468689607227,0.7871874635084412,0.7871874635084412,0.8044679099670242,0.8044679099670242,0.7227931014428279,1.0430347118212033,15.727304553496209,15.33804012025372,1.7202381189778184
1,3,7,1,"C:\Users\taoji\OneDrive - UCSF\Desktop\20240227 analysis\Control (new 100x obj) analysis\cell 3\ch1\1-7\1\(+-1)\ch1KT1.csv",0.39815643501317355,0.36665240868438204,0.4650127742042882,0.44674717506440637,0.02157143747877423,0.021853305815708646,0.022843439706346134,0.02615663020407387,"True","False",-0.16034949673534205,0,1,0,0,0,1.2084429781947321,1.2084429781947321,1.156527930218046,1.156527930218046,1.212569141048388,1.212569141048388,1.3336368483190957,1.0014163893401897,13.253478872319736,8.772803811486977,0.9842085127469347
1,3,7,2,"C:\Users\taoji\OneDrive - UCSF\Desktop\20240227 analysis\Control (new 100x obj) analysis\cell 3\ch1\1-7\7\(+-1)\ch1KT7.csv",0.38506662782963175,0.3537138850922874,0.43940926060181423,0.4125096533005974,0.02462189840471879,0.019547882489487817,0.022402991744265188,0.018085796840575152,"False","False",0,0,0,0,0,0,1.3719923170768522,1.3719923170768522,1.445115714384212,1.445115714384212,1.510944511782693,1.510944511782693,1.3336368483190957,1.0014163893401897,15.37780936168299,9.048973438769803,0.921456368251113
1,3,9,1,"C:\Users\taoji\OneDrive - UCSF\Desktop\20240227 analysis\Control (new 100x obj) analysis\cell 3\ch1\17-18\17\(+-1)\ch1KT17.csv",0.4004415536987104,0.3787751588380608,0.4213629399176883,0.3778956563272725,0.03177514081510457,0.025851604702990295,0.029345459134876104,0.023056719218001683,"True","True",-0.632456565452919,-0.6459375955518195,1,0,1,0,0.942697675177547,0.942697675177547,1.012058702665971,1.012058702665971,1.0059268826259469,1.0059268826259469,1.2227433029156414,1.1174335269896782,12.486382643963843,11.309486898505195,0.7887443810315601
1,3,9,2,"C:\Users\taoji\OneDrive - UCSF\Desktop\20240227 analysis\Control (new 100x obj) analysis\cell 3\ch1\17-18\18\(+-1)\ch1KT18.csv",0.4082185766965012,0.3763132492898009,0.4325524199015269,0.39598378257719935,0.09689155175049947,0.06202636013674519,0.11223727960309399,0.0744281547475603,"True","True",-0.6778478403851237,-0.6780303433813147,5,5,4,4,0.7905001090395007,0.7905001090395007,0.9564844577433196,0.9564844577433196,0.993001701538503,0.993001701538503,1.2151456743566422,1.1185750159202583,14.879587682995075,11.195074204763497,0.778713538193074
1,3,11,1,"C:\Users\taoji\OneDrive - UCSF\Desktop\20240227 analysis\Control (new 100x obj) analysis\cell 3\ch1\19-12\12\(+-1)\ch1KT12.csv",0.43990986139008187,0.39245736724274505,0.4955409672996729,0.4284640057520019,0.0466667705845211,0.03722472173860439,0.04756394874455497,0.032507119087971915,"False","False",0,0,0,0,0,0,0.6258402432843141,0.6258402432843141,0.7003580893172481,0.7003580893172481,0.624823454438039,0.624823454438039,0.5281767310486989,0.8889880757891621,15.031700941026228,14.410133205601948,0.7931181279941606
1,3,11,2,"C:\Users\taoji\OneDrive - UCSF\Desktop\20240227 analysis\Control (new 100x obj) analysis\cell 3\ch1\19-12\19\(+-1)\ch1KT19.csv",0.5593445296073165,0.4706763604959039,0.4252274980356513,0.39199854708374754,0.08006569241529835,0.04752589059244655,0.025545466533995084,0.018817431287225756,"True","True",0.7092542038178696,-0.41486370311491494,1,28,1,2,0.596908321714081,0.596908321714081,0.7301252490381881,0.7301252490381881,0.6544284131383411,0.6544284131383411,0.5281767310486989,0.8889880757891621,13.137733626421205,14.364762261762005,1.0963090431858957
1,3,13,1,"C:\Users\taoji\OneDrive - UCSF\Desktop\20240227 analysis\Control (new 100x obj) analysis\cell 3\ch1\3-5\3\(+-1)\ch1KT3.csv",0.3886222916078685,0.3743373113887958,0.42606937946628903,0.3921856596786419,0.0302433768825456,0.029000619333451952,0.04438887967229506,0.035279667395023716,"False","False",0,0,0,0,0,0,1.3833704677051273,1.3833704677051273,1.1516995341032217,1.1516995341032217,1.0513873283698847,1.0513873283698847,0.6549805589476961,0.8924123249414195,13.203961482456792,5.44596733869291,1.760465378780212
1,3,13,2,"C:\Users\taoji\OneDrive - UCSF\Desktop\20240227 analysis\Control (new 100x obj) analysis\cell 3\ch1\3-5\5\(+-1)\ch1KT5.csv",0.3940564996771141,0.36398373976720677,0.41592400717959005,0.38188851776508353,0.04071550358820384,0.027311680834141448,0.025347133023175386,0.027876849632979463,"True","False",-0.45457097140395986,0,1,0,0,0,1.3936021056015495,1.3936021056015495,1.2031481160188555,1.2031481160188555,1.31542185039719,1.31542185039719,0.6549805589476961,0.8924123249414195,15.10971485892903,5.363606122729651,1.7510793273644687
1,4,3,1,"C:\Users\taoji\OneDrive - UCSF\Desktop\20240227 analysis\Control (new 100x obj) analysis\cell 4\ch1\15-12\12\(+-1)\ch1KT12.csv",0.5361056882781129,0.5070208290400162,0.4854217403311844,0.4452524412436898,0.08391331682922512,0.08422794378415661,0.03345989441662702,0.029212487499484158,"True","True",0.5439245881813386,-0.5720117198589179,2,3,5,0,0.89820162152381,0.89820162152381,0.8345894323300579,0.8345894323300579,0.6681528900232127,0.6681528900232127,1.1207222853852403,0.9599292455128958,11.831920419048432,13.438569254984209,0.8813933887346204
1,4,3,2,"C:\Users\taoji\OneDrive - UCSF\Desktop\20240227 analysis\Control (new 100x obj) analysis\cell 4\ch1\15-12\15\(+-1)\ch1KT15.csv",0.4597373602893586,0.4397483235540154,0.4052852358014068,0.3775407287166732,0.031020583226700833,0.030689485612973706,0.01922353113790149,0.017232965152208745,"False","True",0,-0.18623291754004076,0,0,3,0,1.021935088474762,1.021935088474762,0.8935526961880689,0.8935526961880689,0.9554586209110958,0.9554586209110958,1.1292757566774787,0.9607714024322754,9.112056596216277,13.315586596276027,0.6684314442106406
1,4,5,1,"C:\Users\taoji\OneDrive - UCSF\Desktop\20240227 analysis\Control (new 100x obj) analysis\cell 4\ch1\3-14\14\(+-1)\ch1KT14.csv",0.45023166697344214,0.44485509466261125,0.443909766791913,0.40063768979461073,0.05394331086242598,0.05077213465730724,0.028319113150863537,0.029999916139737307,"True","False",0.5233529582418512,0,0,1,0,0,0.7691694887262966,0.7691694887262966,1.087630437490469,1.087630437490469,1.0437300729905237,1.0437300729905237,0.869207565236855,0.936524704086936,13.285160618650592,6.018816309970175,1.587646563512581
1,4,5,2,"C:\Users\taoji\OneDrive - UCSF\Desktop\20240227 analysis\Control (new 100x obj) analysis\cell 4\ch1\3-14\3\(+-1)\ch1KT3.csv",0.4474307402625348,0.4475133156341571,0.42135741003533383,0.38313552201435186,0.033611768815792836,0.03353683954337711,0.025145997371069508,0.020246788873044697,"True","True",-0.8741582531585145,-0.639810568400274,3,0,2,0,0.7453050006083582,0.7453050006083582,0.809924070331619,0.809924070331619,0.8288605617228815,0.8288605617228815,0.869207565236855,0.936524704086936,10.66612830448019,6.195121807376783,1.7207489112078385
1,4,7,1,"C:\Users\taoji\OneDrive - UCSF\Desktop\20240227 analysis\Control (new 100x obj) analysis\cell 4\ch1\5-13\13\(+-1)\ch1KT13.csv",0.4042267798264892,0.3860510242613408,0.4442505036364015,0.3809157951443574,0.03657368974509264,0.028660433357653173,0.022049758668649375,0.01812631186890141,"False","False",0,0,0,0,0,0,1.2587632111948306,1.2587632111948306,1.1298824006711543,1.1298824006711543,1.2741770710034153,1.2741770710034153,1.056660203585421,1.0319566029091505,12.503528220387789,9.167160056719986,1.4451117280628911
1,4,7,2,"C:\Users\taoji\OneDrive - UCSF\Desktop\20240227 analysis\Control (new 100x obj) analysis\cell 4\ch1\5-13\5\(+-1)\ch1KT5.csv",0.4464312863068922,0.43582925364857106,0.45409904568546716,0.3909325971976478,0.06327803249992855,0.06059322629647233,0.03430498685076562,0.028454909972890283,"True","True",-0.7517867428434214,0.6314575013722353,3,1,0,2,1.3040111495737006,1.3040111495737006,1.08581121261971,1.08581121261971,1.2540789522345297,1.2540789522345297,1.056660203585421,1.0319566029091505,9.600029756911455,9.145020851556922,1.5658868284375698
1,4,9,1,"C:\Users\taoji\OneDrive - UCSF\Desktop\20240227 analysis\Control (new 100x obj) analysis\cell 4\ch1\6-4\4\(+-1)\ch1KT4.csv",0.476921928735565,0.4470322472678739,0.4062563096403902,0.3592181536009297,0.03477938978783733,0.03201499943689882,0.0264471657982641,0.021721854149530824,"True","True",-0.8073689317962254,-0.938848265961407,2,1,1,0,0.7505631835291335,0.7505631835291335,0.7071119574342966,0.7071119574342966,0.6284489563886901,0.6284489563886901,0.7328956837945559,1.0311868786358689,12.080841783835647,13.260495517664246,2.178011226148373
1,4,9,2,"C:\Users\taoji\OneDrive - UCSF\Desktop\20240227 analysis\Control (new 100x obj) analysis\cell 4\ch1\6-4\6\(+-1)\ch1KT6.csv",0.4627693734471204,0.4376459227591589,0.3975596930255776,0.3582706797722065,0.05858549932687185,0.041963699732377964,0.027322679298460727,0.02276597988994131,"True","False",0.4955140185016375,0,0,1,0,0,0.7215737179630151,0.7215737179630151,0.872447886983613,0.872447886983613,1.025986872522407,1.025986872522407,0.7527377605402623,1.0278410425334636,9.183383415996609,13.166776084368731,2.2496478795974806
1,4,11,1,"C:\Users\taoji\OneDrive - UCSF\Desktop\20240227 analysis\Control (new 100x obj) analysis\cell 4\ch1\8-7\7\(+-1)\ch1KT7.csv",0.4129605955107293,0.40730014428184885,0.4409932954020208,0.4064255645781806,0.04172322274504956,0.035940670753223006,0.029730598706238478,0.027043523912961605,"True","True",-0.1590490259056443,-0.17550729527316383,1,0,1,0,1.293739076248999,1.293739076248999,1.5578553786878033,1.5578553786878033,1.307123358579261,1.307123358579261,1.206316487978955,1.0416544084466621,14.18355894171398,10.332800360598192,1.1897664738922615
1,4,11,2,"C:\Users\taoji\OneDrive - UCSF\Desktop\20240227 analysis\Control (new 100x obj) analysis\cell 4\ch1\8-7\8\(+-1)\ch1KT8.csv",0.4903274194494141,0.5080721672357852,0.4825131472087702,0.4411802896329206,0.06114041767108801,0.06840640473920956,0.051811624242266506,0.045867140668074076,"True","True",-0.6600169694358821,-0.5073068618267056,2,4,4,1,1.2367384621570963,1.2367384621570963,1.0211945272632093,1.0211945272632093,1.0139826436239847,1.0139826436239847,1.206316487978955,1.0416544084466621,11.272509977727813,10.51300608906276,1.3513612976102933
1,5,3,1,"C:\Users\taoji\OneDrive - UCSF\Desktop\20240227 analysis\Control (new 100x obj) analysis\cell 5\ch1\15-14\14\(+-1)\ch1KT14.csv",0.6879860678082518,0.5629299730482498,0.4856133123413247,0.4607207318896761,0.16237847285861606,0.07818614069772424,0.039491896592414755,0.041984551889510696,"True","True",1.130683100074731,0.9587424400305947,16,34,4,15,0.9410664336171534,0.9410664336171534,0.7262743547169269,0.7262743547169269,0.5864400741305205,0.5864400741305205,0.9414034715550031,0.9800223047982307,10.192187736475155,7.333586565551226,1.0294556732762294
1,5,3,2,"C:\Users\taoji\OneDrive - UCSF\Desktop\20240227 analysis\Control (new 100x obj) analysis\cell 5\ch1\15-14\15\(+-1)\ch1KT15.csv",0.47459235094433083,0.44935314306014584,0.4208120880473044,0.3964487244156796,0.03061096048698851,0.02244001472472687,0.03262372731213547,0.020783874642076094,"True","False",1.1691756507467281,0,1,1,0,0,0.7248050915861836,0.7248050915861836,0.789116475004056,0.789116475004056,0.7455714560598453,0.7455714560598453,0.9414034715550031,0.9800223047982307,7.448156985211739,6.8990506354010845,0.84855584290162
1,5,5,1,"C:\Users\taoji\OneDrive - UCSF\Desktop\20240227 analysis\Control (new 100x obj) analysis\cell 5\ch1\19-7\19\(+-1)\ch1KT19.csv",0.43251770291621167,0.42038393841936894,0.4881336976397321,0.4773777155120925,0.02737761301207847,0.023288446366783216,0.02711192938003468,0.030285592935773934,"False","False",0,0,0,0,0,0,0.922401252424245,0.922401252424245,1.3284662587438985,1.3284662587438985,1.5241744549106642,1.5241744549106642,1.3462382489583322,0.9778308783024474,8.55298263554712,15.303898950077006,1.751041560297505
1,5,5,2,"C:\Users\taoji\OneDrive - UCSF\Desktop\20240227 analysis\Control (new 100x obj) analysis\cell 5\ch1\19-7\7\(+-1)\ch1KT7.csv",0.533369961067264,0.48143985195352024,0.48252614330307775,0.44803669424874804,0.06300515916022185,0.05294530010731199,0.034903485588867265,0.02827672192215092,"True","True",-0.383582284213984,0.5173873356229353,1,0,0,1,0.8590093116669394,0.8590093116669394,1.00220788607831,1.00220788607831,0.8822721647791115,0.8822721647791115,1.3462382489583322,0.9778308783024474,11.337457805653694,15.473633548154117,1.7079698202305567
1,5,7,1,"C:\Users\taoji\OneDrive - UCSF\Desktop\20240227 analysis\Control (new 100x obj) analysis\cell 5\ch1\23-24\23\(+-1)\ch1KT23.csv",0.4399582211606102,0.42413938499609577,0.5111588656356281,0.48013837625292616,0.03530002995558032,0.03718549697664878,0.02458515142985101,0.022499056836384704,"False","False",0,0,0,0,0,0,1.2091773942794182,1.2091773942794182,1.1135030620678021,1.1135030620678021,1.1010026453926178,1.1010026453926178,1.1006051692997996,1.0503890771053286,8.482061297678795,11.252558843786694,2.107948543879383
1,5,7,2,"C:\Users\taoji\OneDrive - UCSF\Desktop\20240227 analysis\Control (new 100x obj) analysis\cell 5\ch1\23-24\24\(+-1)\ch1KT24.csv",0.525267792468852,0.493341031896077,0.4909551234170026,0.4569231113521979,0.08485486737305548,0.08022707865527534,0.03166211141066752,0.02855234183421339,"True","True",-0.5527553201485187,-0.5785915700470029,6,0,4,0,1.2228018365327327,1.2228018365327327,1.1046696409972296,1.1046696409972296,1.1256027146346677,1.1256027146346677,1.107478161830875,1.0519257223201157,11.470185291022675,11.428923855758395,1.8558265833780427
1,5,9,1,"C:\Users\taoji\OneDrive - UCSF\Desktop\20240227 analysis\Control (new 100x obj) analysis\cell 5\ch1\8-16\16\(+-1)\ch1KT16.csv",0.5045785934212454,0.4543647999473371,0.4437063184507489,0.4281821277365367,0.04880053432436776,0.034718084229812464,0.025385767579463845,0.02465070942758468,"True","True",-0.6129827297710704,-0.418513845696614,6,0,1,0,1.0443999254090137,1.0443999254090137,0.9188225777148687,0.9188225777148687,0.914412977367936,0.914412977367936,0.6253959332148408,0.9934763431842057,11.176713007455017,13.382767132800025,2.079987986234013
1,5,9,2,"C:\Users\taoji\OneDrive - UCSF\Desktop\20240227 analysis\Control (new 100x obj) analysis\cell 5\ch1\8-16\8\(+-1)\ch1KT8.csv",0.4295755076421691,0.4068621955799825,0.47852600238236287,0.43568353135543403,0.026431205489600724,0.01983719238285726,0.043196791556827145,0.03955344754702651,"False","False",0,0,0,0,0,0,1.076338754484314,1.076338754484314,1.016939744676909,1.016939744676909,1.1205235127246367,1.1205235127246367,0.5912372946278142,0.9885024911889929,8.3476065410964,13.343869523100027,2.1684844472557954
1,6,3,1,"C:\Users\taoji\OneDrive - UCSF\Desktop\20240227 analysis\Control (new 100x obj) analysis\cell 6\ch1\14-13\13\(+-1)\ch1KT13.csv",0.43205177792233274,0.3904876086607857,0.422162034480987,0.38246348585679796,0.045090822972727984,0.032605813882478095,0.032366932048918474,0.02525308948279784,"True","False",0.4707878771938365,0,0,1,0,0,1.3170250892198458,1.3170250892198458,1.2764249710738504,1.2764249710738504,1.0863783528540205,1.0863783528540205,1.3521589670635585,0.8552492020917598,16.672308086181772,7.706100172373144,1.4634706730201545
1,6,3,2,"C:\Users\taoji\OneDrive - UCSF\Desktop\20240227 analysis\Control (new 100x obj) analysis\cell 6\ch1\14-13\14\(+-1)\ch1KT14.csv",0.4641713537939561,0.41953692363917217,0.5356187873698093,0.44093494171964576,0.0684217212616834,0.045122685490490366,0.11123976414372252,0.08136409947585244,"True","True",0.7866771305003231,-0.7862789518023601,3,4,2,1,0.5004702203156337,0.5004702203156337,0.5992435637168972,0.5992435637168972,0.6212869657522211,0.6212869657522211,1.3521589670635585,0.8552492020917598,14.054817062333052,7.901992526620138,1.3358387545404071
1,6,5,1,"C:\Users\taoji\OneDrive - UCSF\Desktop\20240227 analysis\Control (new 100x obj) analysis\cell 6\ch1\17-16\16\(+-1)\ch1KT16.csv",0.41683964312114047,0.3785452953189534,0.4956033170467663,0.4280375544278565,0.037732542321136174,0.03358457634524783,0.03889733735261531,0.02891145172062587,"False","False",0,0,0,0,0,0,0.8532212654517977,0.8532212654517977,0.9083387791425727,0.9083387791425727,0.8906925044614519,0.8906925044614519,0.7931314860710735,1.1291836169796898,14.455021078585562,14.37830833088632,0.8408577506786614
1,6,5,2,"C:\Users\taoji\OneDrive - UCSF\Desktop\20240227 analysis\Control (new 100x obj) analysis\cell 6\ch1\17-16\17\(+-1)\ch1KT17.csv",0.4203659174172303,0.384478949120776,0.44236665940782516,0.40541493214008384,0.03986396381632988,0.026446351106973628,0.036817751202800716,0.032651589914386776,"False","False",0,0,0,0,0,0,0.8873895551927916,0.8873895551927916,0.942413536497515,0.942413536497515,1.2511490787912254,1.2511490787912254,0.7931314860710735,1.1291836169796898,10.999702752568504,14.182482588323099,1.3144675215239612
1,6,7,1,"C:\Users\taoji\OneDrive - UCSF\Desktop\20240227 analysis\Control (new 100x obj) analysis\cell 6\ch1\21-12\12\(+-1)\ch1KT12.csv",0.5222500821464984,0.4762142935129574,0.47824222154479695,0.4192283173906069,0.14064492660808797,0.10321974203820261,0.07479079401665185,0.0646716374077925,"True","True",1.0633035059019997,0.929311208115811,10,4,4,2,1.008191686919546,1.008191686919546,0.9930899489914703,0.9930899489914703,0.9584698545451417,0.9584698545451417,0.7843687740982324,0.910509553054412,15.64405206942932,12.73148372504688,0.5867814734604674
1,6,7,2,"C:\Users\taoji\OneDrive - UCSF\Desktop\20240227 analysis\Control (new 100x obj) analysis\cell 6\ch1\21-12\21\(+-1)\ch1KT21.csv",0.39129225928449085,0.36262167629102204,0.4882019567211991,0.3877414518402163,0.02972855850135429,0.01832739264883912,0.03857060056989697,0.02012071537540461,"False","False",0,0,0,0,0,0,1.082140416897115,1.082140416897115,1.0694023134545745,1.0694023134545745,1.0348603255662652,1.0348603255662652,0.7881459928544204,0.9127280158396394,12.862891601309071,12.746982324276077,1.034765687828806
1,6,9,1,"C:\Users\taoji\OneDrive - UCSF\Desktop\20240227 analysis\Control (new 100x obj) analysis\cell 6\ch1\22-23\22\(+-1)\ch1KT22.csv",0.43829556214390564,0.43498342166992365,0.44934653213125764,0.42260231300496826,0.06316839859478325,0.0837233534160862,0.03347986182284187,0.046249574052881465,"True","True",0.9349774059399402,1.0067176618309281,1,1,2,1,1.02043041813612,1.02043041813612,0.7523571038693242,0.7523571038693242,0.8147163792219372,0.8147163792219372,1.060842270236092,1.1102761319735983,12.921114961024461,11.26561808978501,1.4730072068711328
1,6,9,2,"C:\Users\taoji\OneDrive - UCSF\Desktop\20240227 analysis\Control (new 100x obj) analysis\cell 6\ch1\22-23\23\(+-1)\ch1KT23.csv",0.4260370802523634,0.40642326414086466,0.5315122570283807,0.482948249028156,0.04713809521464247,0.0394457013841028,0.04971667793565576,0.03850384300772743,"True","False",-0.42371033140229736,0,1,0,0,0,1.3311313478671511,1.3311313478671511,1.4587297832537969,1.4587297832537969,1.3424465388077378,1.3424465388077378,1.076062056541991,1.0976206609894508,16.311003555164785,11.118155926150973,0.7743832104975373
1,7,3,1,"C:\Users\taoji\OneDrive - UCSF\Desktop\20240227 analysis\Control (new 100x obj) analysis\cell 7\ch1\2-0\0\(+-1)\ch1KT0.csv",0.5253246703242763,0.5013268188397156,0.46421947531362434,0.4552156936134338,0.057510432948362056,0.0802091493246136,0.06613934070997167,0.047514079352771785,"True","True",-1.0705727864384462,-0.8139902138030761,6,2,5,2,1.197460155891836,1.197460155891836,0.8261571279389994,0.8261571279389994,0.7025466286716753,0.7025466286716753,0.72399061894418,0.7962824694791014,12.815002187200495,14.28966903946938,1.2845614187106935
1,7,3,2,"C:\Users\taoji\OneDrive - UCSF\Desktop\20240227 analysis\Control (new 100x obj) analysis\cell 7\ch1\2-0\2\(+-1)\ch1KT2.csv",0.4671412869162033,0.4374134884633028,0.46733545843464186,0.46193846753080653,0.05450345774662047,0.04302627374994767,0.052907013512025806,0.049936108877574145,"True","False",0.4353159378512348,0,0,2,0,0,0.9744355797956057,0.9744355797956057,0.7717249836046612,0.7717249836046612,0.7189801749245389,0.7189801749245389,0.72399061894418,0.7962824694791014,11.186018378786862,13.73152218404628,1.4194323758003828
1,7,5,1,"C:\Users\taoji\OneDrive - UCSF\Desktop\20240227 analysis\Control (new 100x obj) analysis\cell 7\ch1\5-8\5\(+-1)\ch1KT5.csv",0.44129471881180926,0.4348395636251558,0.4157151344535089,0.4176337263013673,0.07946399847789008,0.060706981861295355,0.024002044757631315,0.03352071601667407,"True","True",0.6985956195741567,-0.49051213396330556,3,1,2,0,0.7119841763560223,0.7119841763560223,0.9433849124276855,0.9433849124276855,1.1797009149245572,1.1797009149245572,1.1647096297688062,1.1736947640319852,11.391008785504482,8.370827519865855,0.20039693382534027
1,7,5,2,"C:\Users\taoji\OneDrive - UCSF\Desktop\20240227 analysis\Control (new 100x obj) analysis\cell 7\ch1\5-8\8\(+-1)\ch1KT8.csv",0.39808240912032405,0.3930990572288046,0.43526036972897386,0.4198227704868795,0.029568690414693347,0.04279306697957199,0.03381206992887113,0.04331871002733557,"False","False",0,0,0,0,0,0,0.7157709588399571,0.7157709588399571,1.1718158202224838,1.1718158202224838,1.0799540475471179,1.0799540475471179,1.1647096297688062,1.1736947640319852,13.932274657117528,8.494650963181613,0.2564454012163086
1,7,7,1,"C:\Users\taoji\OneDrive - UCSF\Desktop\20240227 analysis\Control (new 100x obj) analysis\cell 7\ch1\7-3\3\(+-1)\ch1KT3.csv",0.4076133861469684,0.42203172813421613,0.39666500991480763,0.40456148810051235,0.0374195312673751,0.0377723844822004,0.01949784285036545,0.027002510167229907,"False","False",0,0,0,0,0,0,1.103751853585372,1.103751853585372,0.9243531965560909,0.9243531965560909,0.8247547103207091,0.8247547103207091,1.111299751287013,1.030022766488913,12.47399721227169,8.693930825792648,1.4290635438249764
1,7,7,2,"C:\Users\taoji\OneDrive - UCSF\Desktop\20240227 analysis\Control (new 100x obj) analysis\cell 7\ch1\7-3\7\(+-1)\ch1KT7.csv",0.39013106905579403,0.40831985758856243,0.42500370045372865,0.42104990748443344,0.030265386502310743,0.03989641837871645,0.024498649110019855,0.02377598868015471,"False","False",0,0,0,0,0,0,1.2965972755312063,1.2965972755312063,1.362563959250078,1.362563959250078,1.4940635236114015,1.4940635236114015,1.111299751287013,1.030022766488913,10.231936142207433,8.563697634865125,1.1615790282010827
1,8,3,1,"C:\Users\taoji\OneDrive - UCSF\Desktop\20240227 analysis\Control (new 100x obj) analysis\cell 8\ch1\13-17\13\(+-1)\ch1KT13.csv",0.40539732224979136,0.3731317744579768,0.46777050354141175,0.40774947592485594,0.0489907687712996,0.05731463676524595,0.039095806436688064,0.031289385192261494,"True","False",0.47588621356565036,0,0,1,0,0,0.9719886197987803,0.9719886197987803,1.2376142623955708,1.2376142623955708,1.087938659713149,1.087938659713149,0.6201961537412025,0.9393956638494056,11.001650862919718,7.1904791023614205,1.081169949683244
1,8,3,2,"C:\Users\taoji\OneDrive - UCSF\Desktop\20240227 analysis\Control (new 100x obj) analysis\cell 8\ch1\13-17\17\(+-1)\ch1KT17.csv",0.3992871896224674,0.3552754332430765,0.49022482053153116,0.4236711266321284,0.04673959708303771,0.043533357316143356,0.049581041388506004,0.03575307855661627,"False","False",0,0,0,0,0,0,1.0458246695058366,1.0458246695058366,1.2465461587927384,1.2465461587927384,1.2791383755572432,1.2791383755572432,0.6245804736021505,0.9382394543669879,12.841101354772027,7.339720828886564,0.47166824927005174
1,8,5,1,"C:\Users\taoji\OneDrive - UCSF\Desktop\20240227 analysis\Control (new 100x obj) analysis\cell 8\ch1\3-15\15\(+-1)\ch1KT15.csv",0.3806181326281929,0.3388883816205589,0.4457455501953245,0.3771199158043245,0.028186369889877744,0.022700263684224935,0.05421118330805441,0.04164206799805315,"True","False",0.666983026484426,0,2,1,0,0,0.6530142030316176,0.6530142030316176,0.8258038187440793,0.8258038187440793,0.9319635174611925,0.9319635174611925,1.3845276837167377,0.929302498515754,12.777271541626781,12.504478908481676,0.3473479826047821
1,8,5,2,"C:\Users\taoji\OneDrive - UCSF\Desktop\20240227 analysis\Control (new 100x obj) analysis\cell 8\ch1\3-15\3\(+-1)\ch1KT3.csv",0.6293708643555779,0.5331839839938992,0.4183134184439303,0.36729917439292653,0.08204493764999668,0.06165755639363813,0.03808676350376946,0.03346828918968367,"True","True",1.0032992247555632,0.8457178287992512,3,7,0,10,0.7679353610060607,0.7679353610060607,0.7090586063846068,0.7090586063846068,0.621605376318517,0.621605376318517,1.3774990306053194,0.9262531079086986,10.840837594434051,12.261384303847288,0.38463631571101337
1,8,9,1,"C:\Users\taoji\OneDrive - UCSF\Desktop\20240227 analysis\Control (new 100x obj) analysis\cell 8\ch1\9-10\10\(+-1)\ch1KT10.csv",0.46449660507406226,0.3947818350510752,0.44977868463200765,0.3648195735072583,0.0621650691466487,0.039267115620490047,0.040176765895495715,0.020970613456295775,"True","False",-0.6359038178203222,0,1,1,0,0,1.2187958721157155,1.2187958721157155,0.827982547999947,0.827982547999947,0.8569543601931837,0.8569543601931837,0.9965983291672957,1.133404637679577,12.452621585181914,12.276582012747294,1.5371023608284582
1,8,9,2,"C:\Users\taoji\OneDrive - UCSF\Desktop\20240227 analysis\Control (new 100x obj) analysis\cell 8\ch1\9-10\9\(+-1)\ch1KT9.csv",0.4329846651366681,0.3663713617833548,0.426431495404459,0.3663114275219519,0.049886851372636244,0.034491186539003994,0.04119741265242804,0.029361256434595244,"True","False",-0.4232935274767426,0,1,0,0,0,1.3424412745419905,1.3424412745419905,1.1529946056830582,1.1529946056830582,1.2223997107567146,1.2223997107567146,0.9965983291672957,1.133404637679577,10.158457092834622,11.986021718004668,2.036019847112427
1,9,2,1,"C:\Users\taoji\OneDrive - UCSF\Desktop\20240227 analysis\Control (new 100x obj) analysis\cell 9\ch1\0-11\0\(+-1)\ch1KT0.csv",0.4474509002998464,0.4127580473386794,0.439503615822752,0.4090492610482982,0.04204914215258275,0.039191390641186874,0.04212866968537575,0.04131203866456605,"True","True",-0.7646689657206069,-0.6644282931932252,4,0,3,0,0.7884783853733646,0.7884783853733646,0.7821675600250542,0.7821675600250542,0.6367072338936987,0.6367072338936987,0.5713250391192175,1.0302213566487524,9.073301573508148,12.815753059845429,2.2547076272277318
1,9,2,2,"C:\Users\taoji\OneDrive - UCSF\Desktop\20240227 analysis\Control (new 100x obj) analysis\cell 9\ch1\0-11\11\(+-1)\ch1KT11.csv",0.7993757173120557,0.7536828373789992,0.4805464499816274,0.4527503901531394,0.1604241655156909,0.16769371475411254,0.0781522934210055,0.06404555508608516,"True","True",1.3289728276588089,1.3210624540670166,25,46,18,39,0.6306889000421474,0.6306889000421474,0.7460450993040817,0.7460450993040817,0.6700080274486647,0.6700080274486647,0.5713250391192175,1.0302213566487524,11.48235893133087,12.943852740672725,1.8173274296554252
1,9,5,1,"C:\Users\taoji\OneDrive - UCSF\Desktop\20240227 analysis\Control (new 100x obj) analysis\cell 9\ch1\14-1\1\(+-1)\ch1KT1.csv",0.43296216623132355,0.44516705465052686,0.43532689707802136,0.41494531862658,0.02829794546286827,0.03837207077224924,0.027454906264495316,0.028430944741922048,"False","True",0,0.3675221212858244,0,0,0,1,1.2044229839552554,1.2044229839552554,0.9258290355070365,0.9258290355070365,0.8462700102885828,0.8462700102885828,0.9034466672531992,0.9497313241625442,13.212002527139346,5.423669338865713,0.46252671353170965
1,9,5,2,"C:\Users\taoji\OneDrive - UCSF\Desktop\20240227 analysis\Control (new 100x obj) analysis\cell 9\ch1\14-1\14\(+-1)\ch1KT14.csv",0.3926482922969769,0.403869398955583,0.4684510217587161,0.4498288072330331,0.036915842693751984,0.03590399626303004,0.04280127629828998,0.04099764612966029,"False","False",0,0,0,0,0,0,1.4064635124470695,1.4064635124470695,0.9676631097010849,0.9676631097010849,1.0399711798291351,1.0399711798291351,0.9034466672531992,0.9497313241625442,11.000196886648478,5.193546728869664,0.5349380685399618
1,9,7,1,"C:\Users\taoji\OneDrive - UCSF\Desktop\20240227 analysis\Control (new 100x obj) analysis\cell 9\ch1\15-19\15\(+-1)\ch1KT15.csv",0.43719758181893253,0.4195962442476035,0.4965886196045868,0.44941236086546044,0.05456130484207472,0.041975964472175685,0.05333006599212736,0.043957012586176604,"False","False",0,0,0,0,0,0,1.1501931110568833,1.1501931110568833,0.8188494965268122,0.8188494965268122,0.6506122970235717,0.6506122970235717,0.7581950505974895,0.9949902567136044,9.968053653371474,11.330195358343248,1.3842692841540685
1,9,7,2,"C:\Users\taoji\OneDrive - UCSF\Desktop\20240227 analysis\Control (new 100x obj) analysis\cell 9\ch1\15-19\19\(+-1)\ch1KT19.csv",0.4589214822463009,0.4242616523229077,0.45037718548568195,0.39816145022311455,0.0617972903600988,0.040348365198848074,0.035366581891603376,0.03412215698347292,"True","True",-0.9935328040806816,-0.7645109733049151,4,0,2,0,1.1184061597308153,1.1184061597308153,0.8661892655643945,0.8661892655643945,0.7145293600813795,0.7145293600813795,0.7581950505974895,0.9949902567136044,12.30736357629733,11.441449495413092,1.1942194826051076
1,9,9,1,"C:\Users\taoji\OneDrive - UCSF\Desktop\20240227 analysis\Control (new 100x obj) analysis\cell 9\ch1\20-4\20\(+-1)\ch1KT20.csv",0.4079559181947068,0.4099637467100387,0.44838630117613937,0.4396825323909882,0.05612222513991751,0.041565431370997996,0.045642998944471366,0.04633874779482122,"True","False",0.7715290449203654,0,0,2,0,0,0.9915824282808761,0.9915824282808761,1.2929002588314449,1.2929002588314449,1.4551911274146843,1.4551911274146843,1.2255053541050567,0.9235010263041612,11.679003550213904,6.775784697807647,0.697190956351517
1,9,9,2,"C:\Users\taoji\OneDrive - UCSF\Desktop\20240227 analysis\Control (new 100x obj) analysis\cell 9\ch1\20-4\4\(+-1)\ch1KT4.csv",0.3954182241597674,0.39145624893306163,0.46060259229140954,0.40829575482587827,0.026482688520368013,0.02635051429418534,0.029728632763601416,0.027145534005074957,"False","False",0,0,0,0,0,0,0.9211492494673673,0.9211492494673673,1.3047557323746668,1.3047557323746668,1.4684283815732782,1.4684283815732782,1.2255053541050567,0.9235010263041612,13.812283938117737,7.154461780845829,0.3939571379921569
1,9,11,1,"C:\Users\taoji\OneDrive - UCSF\Desktop\20240227 analysis\Control (new 100x obj) analysis\cell 9\ch1\7-2\2\(+-1)\ch1KT2.csv",0.47882678167051124,0.4455379789079265,0.4134177231869722,0.3609790572353332,0.04579965079800575,0.05193506844061805,0.025903938421439635,0.029531382811658263,"True","True",0.7672955974378844,0.7840499821364505,0,3,0,4,0.7073399460500239,0.7073399460500239,0.7621360135507741,0.7621360135507741,0.7661741784249427,0.7661741784249427,1.541527888925037,1.1015560361709378,11.605452375695004,8.941158376349215,1.3898050974326386
1,9,11,2,"C:\Users\taoji\OneDrive - UCSF\Desktop\20240227 analysis\Control (new 100x obj) analysis\cell 9\ch1\7-2\7\(+-1)\ch1KT7.csv",0.4813521646862097,0.4672144578796468,0.4960036680178521,0.4627750816648862,0.1021867552420954,0.09547099134850204,0.10874179315282713,0.10085635894355643,"True","True",-0.9647560888812262,1.1362970720617285,13,9,9,2,1.0812753235961972,1.0812753235961972,1.5334644286146497,1.5334644286146497,1.7521082040220628,1.7521082040220628,1.541527888925037,1.1015560361709378,9.055471819468114,8.735915714585477,1.526589846986281
