0.033493467,0.039403547,0.043544283,0.028679353,0.027288665,0.040128845,0.004674835,0.039039339,0.019297241,0.009737825,0.01474881,0.044389247,0.055805682,0.0731112,0.060834907,0.035527429,0.046493381,0.012676572,0.002155754,0.025101357,0.040788676,0.027186908,0.046705431,0.051268668,0.03651276,0.04523676,0.043934186,0.045647918,0.013953912,0.04963765,0.027510702,0.007941286,0.0444769,0.005091017,0.033742003,0.010593276,0.033772321,0.005378296,0.01067898,0.003989284,0.009212901,0.03574502,0.045548671,0.047597128,0.017303092,0.039870809,0.041960343,0.009911666,0.048472419,0.03089293,0.025446823,0.025118205,0.014451433,0.030259124,0.011539358,0.032758529
-0.008874612,-0.018909053,0.001372018,-0.003044548,0.004416175,-0.007886506,0.011273022,0.012261826,0.009309908,0.014775363,0.038430028,0.033094661,0.002173153,0.025452321,0.004686807,0.006886827,-0.012630419,0.027309483,0.010192316,0.01281308,-0.025160158,-0.011562077,0.002981868,0.018307495,-0.018065545,-0.00045732,0.016139821,-0.013737461,-0.019391805,-0.019631191,0.010861014,0.012000717,0.008658453,-0.005212832,0.02323337,-0.011456163,-0.006265085,-0.007301266,-0.001855505,-0.044261591,0.017572474,0.013908979,0.03856726,-0.007892349,-0.012023964,-0.005790804,0.015249491,0.035885165,0.010699359,0.005629504,0.018487328,-0.022578704,0.003096846,-0.004127133,-0.021516527,0.002769774
0.03326908,0.011012007,0.013532642,0.028605029,-0.002389008,0.037137915,0.013211671,0.00589318,0.017496702,0.030160726,0.014924552,0.024049657,0.019160865,0.043689367,0.013853416,-0.007755551,0.026148195,0.004956699,0.02237837,0.013907132,0.036524312,0.018354469,0.008803365,0.033333733,0.035609573,0.039251142,0.00669011,0.00607688,0.010648402,0.007458528,-0.005727914,-0.008796273,-0.013265748,0.003806164,0.017475805,0.011445243,0.017291363,0.029459355,0.015370449,0.031539684,0.032939038,0.031751403,0.012677816,0.027142779,0.033030531,0.01268773,0.031472748,0.025648038,0.021355381,0.000378509,0.005284679,0.01419369,0.023656656,0.012026943,0.01463189,0.020082403,-0.005969785,0.012868775,0.01402037,0.031895748
0.013982479,0.019308668,0.025305132,0.025546482,0.019254407,0.026585595,0.028272611,-0.00411149,-0.007622567,0.015874398,0.000619709,0.023689617,0.035095587,0.001179699,0.037163736,0.010612774,0.015840148,0.006427504,0.017833934,0.005380014,0.039332269,0.000967977,0.016173861,0.031021245,0.016734724,0.011354336,0.022973034,0.02414443,0.01518833,0.009121288,0.015175652,0.018377807,0.002834939,0.014139345,0.02403211,0.004566075,0.022128233,0.000366223,-0.008028506,0.002381324,-0.002655738,0.018388734,0.024910709,0.008712538,-0.014042586,0.007699134,-0.000553091,0.013315223,0.001775667,0.01379758,0.026962894,0.022539056,0.028313295,-0.000673914,-0.002474297,0.02355704,0.030247719,0.019269395,0.033442369,0.033381758
0.013946289,0.011110747,0.009107797,0.013026746,-0.012954205,-0.000939642,-0.000949508,0.000937545,0.006688233,0.022392105,0.044871158,0.020472391,0.00400356,0.010785316,0.019744574,-0.00452474,-0.00795577,-0.00647747,-0.007265927,-0.0000796,0.017929484,0.011798078,0.00427395,0.021685129,0.013623125,0.004214891,0.01250658,-0.002440845,0.012170586,0.014340942,0.019728661,0.021332746,0.010032181,0.03442528,-0.015016721,0.003335265,0.007746838,-0.001181857,0.0012596,-0.009362134,0.015701575,0.031887405,-0.010778765,0.021493676,-0.013508215,-0.004141797,-0.00033031,0.008389299,0.026744076,-0.021053521,0.002167715,0.006229871,-0.002680778,-0.002880984,0.01607553,0.016455792,0.019320951,0.015059818,0.006571644,-0.004957729
0.025046296,0.023565987,-0.019906144,-0.006397629,0.034328439,-0.03780036,0.010039795,0.017143294,0.007762081,0.009443472,0.007635306,0.037871207,0.006893384,0.014057724,0.005991008,0.024934238,0.007772119,0.017748918,0.000954202,0.000306664,0.022753469,0.028833708,0.010832268,0.014826756,0.000592777,0.029973452,-0.010369805,0.001623448,0.008910608,0.017177469,0.01327379,0.002959551,0.022236675,0.023409831,0.019437291,0.014289182,0.017647634,0.020967413,0.01751053,0.021313204,0.015948594,0.044137249,-0.006067114,0.034942867,0.002241703,0.015513619,0.034976282,0.014065745,-0.028119952,0.01227757,-0.002180497,0.033542526,0.017001122,0.014297015,0.018798376,0.02352969,0.042331195,0.034614044,-0.002398391,0.018274941
0.033100396,-0.02219528,-0.019800188,-0.026231597,-0.061104587,-0.067304467,-0.030617842,-0.031273235,-0.036611913,0.024221855,0.013049468,0.01508529,0.014717958,-0.026761905,-0.037153858,0.00018021,-0.013504181,-0.055976765,-0.029938668,0.021357382,-0.004339474,-0.053527807,-0.039998147,-0.039259357,0.019897367,-0.0312043,-0.056037094,-0.040226752,0.016980772,0.012227701,0.006121118,0.008756984,0.031491948,0.075095789,0.094042837,0.088189571,0.137560795,0.122038484,0.065025672,0.064911147,0.058217789,-0.060234509,-0.014247014,0.034369511,0.052532524,0.058931652,0.045854032,0.016214364,-0.129641538,-0.006474302,0.061791779
0.023511884,0.008539486,0.024065927,0.011158143,0.016525432,0.024120772,0.030003429,0.000579685,0.022922172,0.015184997,0.018549619,0.02057441,0.011004766,0.027919273,-0.00032029,-0.008117701,0.024178215,0.028838337,0.001449448,0.015408097,0.000792347,0.005162147,0.012350154,0.000245259,-0.002101046,-0.012658901,-0.001034252,-0.006720099,0.016561287,0.015668531,0.025746901,0.00721789,0.017333155,0.009408832,-0.026222805,0.011482116,-0.006471681,0.024491333,0.024800705,0.013992078,0.009433472,-0.026263867,0.000860425,0.006384343,-0.002311451,0.0316336,0.04107861,0.019340411,0.043480273,-0.006009884,0.016380643
0.017932772,0.011184161,0.013328513,0.021504005,0.010964188,0.013942522,0.020475741,0.003582354,-0.018934425,-0.049933338,-0.087997011,0.00571569,0.014577143,0.033927836,-0.001641489,-0.012554417,-0.179135859,0.004398998,0.009200314,-0.006224081,0.011807565,0.008238092,0.010128577,0.009722845,0.018751655,0.021299388,-0.004509266,0.000922885,0.019743269,0.014590505,0.020870038,0.027997206,-0.010967521,-0.007187932,0.025109085,0.027887159,0.011811466,0.014101234,0.010314482,0.003418692,0.018613087,-0.007358444,0.024469687,0.019853082,0.031716607,0.002254505,0.006820404,-0.005556495,0.011647158,0.002498964,0.013622327,0.053221033,0.089618412,0.049848887,0.072621544,0.008065105,0.027346724,0.037007353,0.026834135,0.024140827
0.009244079,0.012162204,0.010610466,0.021007783,0.003270158,0.00726579,0.005758071,0.008236642,0.018285862,0.01565232,0.026408124,0.051667662,-0.008589846,-0.005023582,0.011248346,0.031283468,0.043870538,0.004342423,0.012035307,0.000675841,0.017629363,0.010202213,0.016280986,0.003548336,0.000717272,-0.005830464,-0.003508847,0.028475448,-0.008004603,0.022675865,-0.0159031,0.024140031,0.036244286,0.025233588,-0.041258794,-0.015987658,-0.021405881,0.009048435,-0.033661544,-0.039947364,-0.039091214,0.016709963,-0.046246133,-0.031418125,0.041790033,-0.039902516,-0.065706672,0.005599202,-0.139084513,-0.113307647,-0.095577622,-0.089324136,0.007557984,-0.028024658,0.005067708,-0.07621405,0.011617197,0.038438126,0.036976802,0.004059853
0.024195774,0.010222475,0.028832195,0.031075669,0.023245538,0.025421203,0.021838951,0.015085907,0.031925038,0.018152284,0.002325691,0.033692144,0.009353934,0.029757699,0.021468528,0.009665691,0.002058025,0.008916023,0.020865679,0.04085441,0.038132436,0.0000351,0.028157682,-0.008075182,0.024772556,-0.001242595,-0.004653646,0.010559054,0.016659152,0.031451541,0.015148279,0.018208869,0.039431286,0.007303456,0.032863737,0.009258879,-0.022548758,-0.020256509,0.003950827,0.010854972,0.03684142,-0.003264341,0.004027382,0.02493877,0.006846447,-0.016783749,0.021303568,0.033594195,-0.005676214,0.027786296,-0.018387105,0.016305346,0.015334952,0.027883969,-0.003948638,0.000205909,0.015020814,-0.003182956,-0.000298326,0.030773537,-0.006912215,0.008454016,-0.002409484,0.021019972
0.003855012,0.012799734,0.018922828,7.45e-6,0.024400354,0.01250625,0.023022455,0.009751855,0.023646219,0.022760894,0.008567139,0.027023389,0.039071843,0.016000448,0.001450193,0.012152898,0.007990297,0.025801514,0.020513696,0.010165098,0.019632452,0.013537142,0.028501438,0.016854548,0.026651049,0.017930416,0.017801093,0.005240425,0.030949035,0.016612327,0.029195572,0.021204858,-0.016834437,0.045476401,0.024218637,0.032399495,0.023824846,0.008261319,0.023493086,0.019993669,0.014699919,0.017964655,0.032402798,0.01696834,0.015466963,0.026025214,0.003420289,0.012459154,0.020115087,-0.0000152,0.015321343,-0.023697094,0.024249255,0.022973718,0.027187557,0.034938019,-0.008911399,0.006367475,0.010150935,0.009840976,-0.025845292,0.003125098,0.008813755,0.013744793
0.010178929,0.002660351,0.030750882,0.009024241,-0.011383868,0.01797053,0.018111457,-0.015832832,-0.002439411,0.033798357,0.006173663,0.020466634,0.015723206,0.014810755,0.003455785,0.018065975,0.019188514,0.007303016,0.04113208,0.019517637,0.027005068,0.033146323,0.033951503,-0.013805701,0.032769703,-0.014996701,0.014292349,0.005677859,0.013314809,0.00198758,0.035875257,0.018489499,0.016654993,-0.002704309,0.021590396,0.00317806,0.013187812,0.044327307,0.018557463,0.025574371,0.044364153,0.026784333,0.059023958,0.050019038,0.029711485,0.019683847,0.024415756,0.022659829,0.023842401,0.032080647,0.027140465,0.005286846,0.025827599,0.02306439,0.012691311,0.003190547,0.009509589,0.023136648,0.026970264,0.015821839,0.033301625
0.197480431,0.236614601,0.197852652,0.160916902,0.086392611,0.015825576,-0.017749719,0.032613204,0.021478217,-0.00524848,0.012790538,-0.000757292,-0.000696728,-0.040677534,0.043941722,0.039056789,0.02203571,0.022831897,-0.001290752,0.048606464,0.037053188,0.018988111,0.020391763,0.026608625,0.013047786,0.008764852,0.018175141,0.024244229,-0.000602745,0.006808488,-0.008608508,0.01850235,0.03416151,0.005547251,0.01764157,0.041234002,0.002689652,0.020807503,0.010345706,0.021070649,0.045513616,0.039813498,0.009861465,0.056020662,0.068717428,0.026828461,0.055039487,0.02321253,-0.00058638,0.037090922,0.049293756,0.020095465,0.034797531,0.030415024,0.021568789,0.020305186,0.0384014,0.022234471,0.039067775,0.00816796,0.028645497
0.022317776,-0.001012088,0.022274139,0.012359826,0.022385993,0.027339978,0.028457396,0.021265349,0.031693572,0.017054119,0.013401863,0.004813226,0.02081423,0.039315944,0.013882552,0.028098704,0.007476788,0.020702436,0.018340284,0.028446904,0.02784313,0.016932435,0.034075665,0.023701899,0.004161038,0.038361094,0.008718434,0.003248266,0.011347815,0.003595068,0.013834388,0.015946801,-0.004264937,0.022509918,0.040508175,0.040105578,0.017144894,0.029568714,0.013912227,0.012206921,0.023017823,0.006428867,0.035372316,0.00868229,0.049795913,0.027060064,0.026727295,0.007991196,0.039625869,0.013833991,0.01731577,0.019125748,0.01940937,0.037254317,0.02364702,0.023350978,0.04698101,0.038635763,0.025110208,-0.002280307,0.038623125,0.021696558,0.02929549,0.035202278,0.038830661
0.032229857,0.032855846,0.052489397,-0.003895211,0.037973195,0.024475482,0.021210209,0.024918354,0.032381989,0.020920455,0.023445075,0.019277649,0.035584076,0.009712716,0.00450555,0.015674822,0.024107236,0.046084815,0.031606517,0.029963996,0.063291014,0.021832567,0.019819022,0.021201476,0.021751938,0.023440057,0.030595933,0.011850852,0.045578766,0.009485696,-0.010966894,0.018035827,0.033985384,0.021673906,0.035460964,0.016738859,0.021034909,0.023275304,0.005465436,0.018622588,0.029612035,0.034092939,0.046077452,0.034725646,0.020214274,0.008912213,-0.001249055,0.024715948,0.042765069,0.031195628,0.027804833,0.012883904,0.00725612,0.040698356,0.014541406,0.020000293,0.023810513,0.018892823,0.020312843,0.006232649,0.017100525,0.018627471,0.026169413,0.018951574,0.004908962
0.022960441,0.011303214,0.034328495,0.030545542,0.009977507,0.015254949,0.036716807,0.007248751,0.027442831,0.022243402,0.031231681,0.039422317,0.04603926,0.017666986,0.031256924,0.007865039,0.00802929,0.018410418,0.03639181,0.016282132,0.020339824,0.006851378,0.009671769,-0.002499305,-0.001887391,0.028505664,0.046865108,0.031335201,0.009171255,0.019315982,0.026107735,0.033159214,-0.020862156,0.005510689,0.024327596,0.032869137,0.037520816,0.02029444,0.030478504,0.022213428,0.027378868,-0.017155476,0.003156085,0.028569411,-0.003595057,0.049678875,0.015271408,-0.0149347,0.011989082,0.034463793,0.015341346,-0.0014804,0.013518561,0.05221056,-0.0132071,0.040693284,0.004486995,0.014395688,0.016621795,0.003775288,0.025390405,0.011466105,0.026693241,0.01352106,0.013861821
0.010382598,-0.001745277,0.02147015,0.012916533,0.042952794,0.000976217,0.018897366,0.013986738,0.02120336,0.01786091,0.007502987,0.014124774,-0.037889071,0.016479554,0.005022548,0.038096568,0.019487176,0.020430827,0.036987024,0.024011528,0.023922164,0.018308582,-0.019501665,0.039280773,-0.004937044,0.026517415,0.009462978,0.005175663,0.025412006,-0.014340043,0.00699874,0.026354813,-0.015017618,0.012607968,0.041384239,0.015785994,0.042597956,0.033308373,0.000567619,0.045814072,0.029952858,0.032815402,0.021507685,0.037585085,-0.010121799,0.005926906,-0.007926025,-0.024349201,0.001853674,-0.009340365,-0.003069599,-0.036648325,0.000352227,-0.005254768,-0.008266227,-0.04410942,-0.00205368,0.002760141,0.004285697,0.001743825,0.006825708,0.015710661,0.020523104,0.011164478,0.016770158
0.016874789,0.008874246,0.012655994,0.04305033,0.028492424,0.012736068,0.031225576,0.019743618,-0.000170024,0.022056211,0.01110171,0.015572545,0.037715938,0.036258998,0.031143401,0.024685943,0.014424839,0.015335185,-0.002718893,0.015880901,0.030594052,-0.005458339,0.018711006,0.038753428,0.027837666,0.035442169,0.036997637,0.042407936,0.013811801,0.012644906,0.022561641,0.047242883,0.003522825,0.012026534,-0.007412399,0.003350488,0.024371584,0.017080782,0.02534232,0.014130744,0.018306803,0.02743009,0.016208177,0.0205467,0.028573813,0.023348835,0.003162848,-0.016157202,0.005096174,0.02294996,0.014558711,-0.009025223,0.014600231,0.012030203,0.017943909,0.044246808,-0.0000361,0.017280718,0.019671276,0.023287955,0.030500193,0.008475627,0.050953375,0.004619413,0.018559388
0.028842121,0.018153948,0.026424771,-0.011490371,0.009325119,0.047586151,0.011069474,0.007300623,0.026358161,0.023601358,0.015407291,0.008983273,0.03732519,0.02437932,0.02173203,0.023471136,0.00891535,-0.005033911,0.043012105,0.004548368,0.010974997,-0.006042322,0.028017579,0.017546474,-0.011119808,0.022125456,0.035766512,0.041837548,0.032118337,0.00592897,0.032690754,0.020270939,0.025969503,0.011613645,0.017926342,0.038883601,0.016291629,0.024248263,0.036978823,0.003970397,0.000168923,0.013459763,0.026677451,0.012267496,0.01380735,0.011237083,0.005444,0.024532596,0.019228872,0.017708846,0.021268972,0.022294417,0.018710668,0.048412664,0.009200959,0.023682795,0.004700764,0.041675463,0.037425341,0.059323579,0.034350763,0.018866974,0.029734376,0.011068853,0.00932186
0.038499312,-0.004209715,0.03162287,0.007209326,0.040654195,0.012099047,0.021539148,0.018140063,0.021434649,0.015729531,0.00819573,-0.009297725,0.031980252,0.017875202,0.019120007,0.029646685,0.017519786,0.010729547,0.024311064,0.018180204,0.025584833,0.032272479,0.017005079,0.01814989,0.004405981,0.041049191,0.032224257,0.02597126,0.034904673,0.03141475,0.010174491,0.048104878,0.008855936,0.03017065,0.034202385,0.021923227,0.04685532,0.032393336,0.017903123,0.018600614,0.037174164,0.011027595,0.003972958,-0.007982335,0.016143202,0.042246079,0.021869635,0.016777107,0.020359781,0.003126734,0.006915239,0.009778898,0.00508497,0.036655651,0.023422885,0.036199189,0.024382644,0.030747857,-0.00170711,0.028411713,0.026309917,-0.014058694,0.009479197,0.004104941,0.028559506
0.019649619,0.039471341,0.008219388,0.002216465,0.015008967,0.008147005,0.038606248,0.033309729,0.02635933,0.023326188,0.030257314,-0.000958015,0.037553555,0.0067163,0.027763465,0.006392604,0.035277583,0.039580704,0.03771867,0.012530735,0.032461219,0.038756188,0.030339581,0.011551347,0.032285227,0.02018196,0.016210625,-0.000353614,0.022513451,0.012659352,0.022549356,0.030966733,0.017158965,0.018289722,0.013189383,0.043730088,-0.004833969,0.022912067,0.032495207,0.030187725,0.016508633,0.030074525,-0.016228923,0.021597078,0.005028604,0.004830782,0.031028319,-0.011586017,0.028380896,0.020665138,0.020143809,0.001299389,0.022483742,-0.004461819,0.015636372,0.039720754,0.005418944,0.005184679,0.025962068,0.035918986,0.036650715,0.018548684,0.031161641
0.021567958,0.022120994,0.008969055,0.004835551,0.034961021,0.008980567,0.018836217,0.028728564,-0.007423576,0.024432872,0.002378239,-0.003178382,0.028072787,0.013955993,0.022986386,0.023108684,0.011468245,0.017181467,0.032907815,0.009637977,0.031412469,0.022565697,0.020224632,0.013817496,0.053010859,0.024470208,0.009335899,0.009652573,0.011408665,0.028158378,0.013287662,0.026293002,0.02344174,0.017210705,-0.003745761,0.005270815,0.015527827,0.029852588,0.020659945,0.043917129,0.026654618,0.002393388,-0.003201326,0.033394161,0.017877173,0.028974339,0.014219664,0.025026865,0.015388657,0.01137869,0.024268287,0.019100319,0.012142254,0.00355828,0.014242141,0.013332379,0.020007922,0.030223165,0.023737496,0.01616011,0.015645117,0.019362773,0.010751675
-0.056489442,-0.025520263,0.067613066,-0.011740456,0.103003402,-0.012144162,0.031913625,-0.004610995,0.006845003,-0.068980808,-0.077781788,-0.019384404,-0.013908057,0.012145131,0.008566373,-0.021061833,-0.019683978,0.01143632,0.018361577,0.014298246,0.017809502,0.012432541,0.004530905,-0.014316701,-0.001004072,0.007444152,0.050630044,0.043307417,0.00895127,0.041128076,-0.008774656,0.018554397,0.063694429,0.023497131,-0.015336067,0.032705748,0.010397725,-0.000563469,0.045611196,0.041498816,0.015720169,0.01320497,-0.020730638,0.055089418,-0.019856873,0.026353593,0.004465318,0.016218664,0.019074258,0.033043376,0.01786925,0.022261664,0.00659244,0.005968394,0.022989083,0.036745767,0.015511061,-0.023326691,0.018194711,0.010020228,0.016927555,0.014836154,0.034294241,0.011762913,0.022177802
0.025552177,0.024039483,0.036598692,-0.001158888,0.019523793,0.01675278,0.025758013,0.019528373,0.001205235,0.011468268,0.016878379,0.038118916,0.012864204,-0.0000174,-0.002659551,0.019721616,-0.000421095,0.018441608,0.00549619,0.02985864,0.020239477,0.017250184,-0.006525326,0.017467575,0.007156692,0.021235502,0.029161156,-0.00996891,0.009775414,-0.011411277,0.006330622,0.006411915,0.022797772,0.002796144,-0.004611526,0.030001101,0.012376875,-0.00101512,0.018838314,0.000598956,0.019104309,0.040212087,0.014039516,0.014062879,0.015425203,0.004911853,0.008523066,0.019334274,0.025074089,0.038782754,0.036684985,0.016977053,0.036312924,-0.001641685,0.034883731,0.011618043,0.010764926,0.025466135,0.014120361,0.007291581,0.006793647,-0.003273982,-0.019543725,0.016675511,0.021886836
-0.004057362,0.017695715,0.004201532,0.03080723,0.027599132,0.03552978,0.016084329,0.014836085,-0.012621011,0.031517494,-0.010974988,0.028150004,0.004202538,0.011923089,0.011821506,0.043538525,0.034938487,0.006986097,0.00118751,0.02900971,0.018708542,0.026099094,-0.005639979,-0.009535672,0.044003069,0.002665449,-0.005891929,0.006191498,-0.009592291,-0.005690594,-0.009257134,-0.003350013,0.019972384,0.004818258,0.006015008,-0.018394991,0.046655504,0.007429083,0.026025118,0.03543136,0.008243608,0.021480844,0.016823799,0.004749996,0.019574578,-0.001007818,0.009688015,0.009216414,0.028675472,0.021875135,0.013329901,0.016405855,-0.002971559,0.025210129,0.02815716,-0.006287881,-0.002266953,0.00049098,0.003660305,0.006573054
0.029031877,0.010335163,0.039637956,0.035913585,0.021679919,0.016644393,0.015432258,-0.004370436,0.022655403,0.052103712,0.008445987,0.05242219,0.042390924,0.00760299,-0.010273911,0.019802593,0.02283531,0.056527406,0.019381918,0.032082448,0.04673681,0.028713307,0.059892158,0.039657049,0.023330117,0.028799473,0.016850051,0.020412704,0.040514402,0.011147894,0.003549258,0.036004691,0.021947593,0.032572317,0.020751003,0.02126879,0.006638146,0.011533896,0.017646897,0.016369711,-0.005318805,0.068660618,0.023895082,0.009468626,0.012322287,0.023773382,0.03425684,0.015627899,0.026954081,-0.001125564,0.021870423,-0.004316194,-0.005359924,-0.009394291,-0.013524897,0.008938387,0.010693443,0.029098512,-0.016511878,0.023452037
0.002771854,-0.015844662,0.051211895,-0.043380546,-0.01964395,-0.015471633,0.027557052,0.006782043,0.027192898,0.019994993,0.021595536,0.008140837,0.014882386,0.00196454,0.020175544,-0.008735749,0.027269619,0.033524018,-0.007477293,-0.023457242,0.002948081,0.021450735,0.031839003,0.018181288,-0.016677288,0.011910968,0.012773823,0.000300032,0.013133094,0.034144057,0.015796905,0.023125073,0.016329296,0.022750513,0.008350934,0.021660465,0.021744144,-0.002775101,0.027114886,0.013016164,0.023933832,0.028064092,0.000310459,0.015597819,0.045795921,-0.025437381,0.047051887,0.028976372,-0.00763366,-0.019580284,0.033329748,0.024134111,0.055614077,0.004843809,0.012943741,0.00147184,0.024510319,-0.002346904,0.008158031,0.050301028
0.012999541,0.006559786,0.008478079,-0.008112962,0.018947851,0.007219637,0.010332977,0.016768127,0.010748703,-0.005064776,0.041954022,0.010782119,0.018217087,0.022817605,0.023221276,0.010274706,0.015835106,0.014915223,0.016059456,0.010452119,0.000394881,0.020584608,0.002238439,-0.00285398,0.023361314,0.027502999,-0.01181159,-0.000300174,0.015739969,0.010325981,0.022384577,0.026236492,0.011741881,0.018466344,0.023287686,-0.009520022,0.019865301,-0.0000753,0.010706448,0.01814064,0.014096407,0.000661186,0.017573343,0.008299753,0.019154668,0.02551161,0.013557812,0.008625524,0.008139895,-0.009643344,0.015869442,0.040293508,0.038874492,0.000154649,0.019989465,-0.00933214,-0.007079734,-0.008692581,-0.005431975,-0.015795743
-0.092314438,-0.087447862,-0.090797212,-0.09370435,-0.071237309,-0.102878061,-0.074599656,-0.070157528,-0.050834191,-0.052787223,-0.046569778,-0.044814996,-0.004598074,-0.017900344,0.000190717,-0.01984254,-0.038528683,-0.03023886,-0.041587122,-0.021588184,-0.000033,-0.038368832,-0.025950567,-0.058093281,-0.036803522,-0.052965884,-0.000421017,-0.020303147,-0.031274513,-0.02642789,0.00040011,-0.037109165,0.014341683,0.010552404,-0.007106428,-0.009479783,0.020638315,0.005489196,0.022717411,0.00758678,0.022188736,0.029568622,0.01901162,-0.015296578,0.020417027,0.025371772,-0.004380018,0.02097329,0.019879098,0.017707217,0.001689118,0.02605357,0.017165034,0.02097725,0.009471423,-0.01010149,0.019231268,0.019510561,0.008682967,0.004473983
0.026653931,0.010888974,0.016791316,-0.0000271,0.027862804,-2.74e-6,0.001775516,0.002296353,0.021509631,0.013518423,0.021130364,0.021571194,0.03861115,0.039483734,0.047164507,0.026020519,0.044111372,0.008937905,0.022773778,0.001436988,0.019917093,0.003234031,0.020024346,0.026722353,0.011024582,0.024847215,0.015320674,0.003207761,0.019683525,0.016377465,0.015971519,0.045157036,0.011712029,0.006424517,0.037624246,0.000948395,0.014818572,0.0018837,0.03467815,0.035028503,0.00134648,0.022618137,-0.008307212,0.027844317,0.008057551,-0.000358342,0.016500601,0.009472818,0.040547335,0.011686508,0.024543304,0.00765897,0.029982331,-0.003006001,0.015053874,0.004746066,-0.002437236,0.010045233,0.011689168,0.00861609
0.027916043,0.005384299,0.024302645,0.014050543,0.012380266,0.035420266,0.012756227,0.012947961,0.01963188,0.028311435,0.032450844,-0.000861357,0.036384288,0.001760497,0.010693821,0.018553616,0.005132587,0.008642199,0.025494316,0.008443843,0.05532129,0.018865129,0.027279223,0.020888824,0.023107364,0.029409678,0.024979961,-0.005137759,0.034823524,0.023194925,0.01896475,0.026531882,0.026482031,0.010104232,0.017942438,0.010959587,0.032478643,0.029050855,0.009785287,0.000381205,0.016976538,-0.006171212,0.01444792,0.009462383,0.006284719,-0.005171074,0.010817967,0.017270399,0.021542373,0.017481705,0.016415288,-0.01170035,0.018323377,-0.004897845,0.02119958,0.019710436,0.046466983,-0.035402903,0.015637424,0.011640843
0.021067975,-0.023349071,0.005272967,-0.032790102,-0.031604259,0.031777938,0.038959143,0.017339801,0.020861584,0.004658059,-0.011398111,0.034264988,-0.01244384,0.016469644,0.050060707,0.011472139,0.010402017,0.011204675,0.015855398,0.030029202,0.029853097,0.022672302,0.016845309,0.023293349,0.030610653,0.03094493,0.025544748,0.004661607,0.023461369,0.000125553,0.007238298,0.00928945,0.01607955,0.011327563,0.025552022,0.009026726,0.06427158,0.027916152,0.036595493,0.039148537,0.055264406,0.041688113,0.032889514,0.042455452,0.042204483,0.044017982,0.035821267,0.050491983,0.010798388,0.03795369,0.020325672,0.002917163,0.045126971,0.033783751,0.019172388,0.028634613,0.034159822,0.014898023,0.010963419
0.014914459,0.020003971,0.018624212,0.030005903,0.012280274,0.022705646,-0.000639128,0.023963865,0.013982195,0.035434213,0.005425583,0.022854296,0.020412013,0.011699431,0.009802106,0.017508398,0.01105494,0.011364869,0.032557449,0.039251356,0.020904292,0.033467094,0.012426294,0.008507152,0.037753215,0.02793294,0.031492934,0.019524455,0.011592046,0.035230046,0.020253469,0.018913964,0.027124388,0.010809842,0.021910218,0.031508967,0.013874334,0.032358688,0.006423688,-0.008917346,0.024406854,0.016278355,0.010794577,0.004456627,0.015721531,0.022623984,0.014486414,0.013154431,-0.001424559,0.015318193,0.035561587,0.009428076,0.036946782,0.014994262,0.002746363,0.03073479,0.015393997,0.039697297
0.017593251,0.025906006,-0.005511544,0.015628899,0.028289176,0.00028421,0.024942003,-0.001418817,-0.012487718,0.005683334,0.010207596,0.000691748,-0.004432541,0.016058919,0.008361925,-0.003515445,0.013802235,0.006231748,0.01440648,0.00726686,0.01182118,0.027325745,0.006511645,0.018821997,-0.026405871,0.010643076,0.023829023,-0.013387116,0.014892526,0.023442273,-0.003960418,0.012980929,0.001221988,0.00271729,0.011432409,0.004750471,-0.003450706,0.018363822,0.007623576,-0.003932434,-0.003203684,-0.019947497,-0.017843952,-0.006851385,-0.002795927,0.025670409,0.007957421,0.012701346,0.024043444,0.009313117,0.005350956,-0.01190655,0.019307463,0.015625409,0.009482364,0.013831564,0.020526134,0.007950608
0.014556602,0.023824161,0.013487368,0.027286304,0.024612464,0.016679846,0.014944032,-0.002944283,0.03636997,0.029095523,0.027761492,0.032439015,0.010267899,0.039881722,0.022235751,0.028865522,0.005599896,0.02074275,0.014377929,0.009866833,0.012808494,0.01722876,0.012781968,0.012066573,0.018523085,0.028050794,0.02649178,0.032319298,0.022768929,0.02507095,0.022408896,0.011926323,0.016557703,0.024586382,-0.008438178,0.031008516,0.027471821,0.038501792,0.003065377,0.040019463,0.00431933,0.016561498,0.035480258,0.036462266,0.007745761,0.026568101,0.057664971,0.020417903,0.035539765,-0.001605832,0.026178094,0.018038519,-0.001036045,0.103235895
0.019180621,0.016726832,-0.100655783,0.020471838,0.008905958,0.019797593,0.009648185,0.001801845,0.017474936,0.01537197,0.013931423,0.01378997,0.019102392,0.022705141,0.015153621,0.026192908,0.028921285,0.018568266,0.009026234,0.025446353,0.009325623,0.016214057,0.025914795,0.005526527,0.013385972,0.033375845,0.011110568,0.012347042,-0.004608184,0.015145037,0.019710814,0.017231926,-0.018651967,0.03253136,0.019405747,0.015825452,-0.004721923,0.026377754,0.016247574,-0.016863602,0.023378137,0.038384839,0.031663155,0.030592376,0.021224614,0.060459264,0.08104113,0.024640129,0.002594382,0.013818696,0.021562045,0.022052318,0.036216352,0.023678135,0.039537743,0.031135429,0.004905972
0.00949634,0.008158983,0.016882379,0.010387062,0.010799614,0.020480037,0.009468891,0.001556859,0.024026292,0.020714241,0.01841217,0.01724306,0.01678868,0.009942452,0.020057522,0.016015326,0.010953901,0.016556755,-0.004204948,0.011649477,0.017938374,0.013854558,0.015935974,0.024853542,0.020595779,0.020101016,0.007450872,0.039041611,0.009095651,0.034431687,-0.012841803,0.02772137,0.025967515,0.019915084,0.00808063,0.024173459,0.017597107,0.021898733,0.013963226,0.025438029,0.028833632,0.02128899,0.023313611,0.028385377,0.022832759,0.014997949,0.013055338,0.025259098,0.001135828,0.011752439,0.027160069,0.025423518,0.018288419,0.019223989,-0.008669541,-0.000247668,0.021160497,0.007012546,0.015292803,0.032162297
0.018609088,0.014564849,0.032256324,0.018741168,0.018146875,0.006212355,0.004260391,-0.009643756,0.004635554,0.024074052,0.019194688,0.007756338,0.003183159,0.01037172,0.011738363,0.017405423,-0.001601988,0.019382953,-0.01205795,0.006421283,0.007308957,0.003749858,-0.017914922,0.006640032,0.00993132,0.007451091,0.016268307,0.037545515,0.007991929,0.003345037,0.011625841,0.023530094,0.020235972,0.024966691,0.014352938,0.024914247,-0.0000936,0.012689927,0.029484245,0.014747467,-0.011989742,0.014639147,0.014265329,0.014402024,0.019658706,0.029789978,0.025189874,0.010016321,0.031158405,0.02693908,0.017708544,0.043744215,0.007546406,0.006082164,0.015837685
0.026326426,0.014211992,-0.007665545,0.025107195,0.014814662,0.03973643,0.031804996,0.023224139,0.026992363,0.024912543,0.026491293,-0.00196966,-0.001638392,0.029462454,0.018187762,0.037263822,0.000604436,-0.001808994,0.010299055,0.023722371,0.01350128,0.004393975,0.003770847,0.00825388,0.001510548,-0.01689594,-0.01131555,0.008561685,-0.024158862,-0.006549297,-0.011202055,0.002945004,0.008602538,-0.034475107,-0.020124521,0.001482287,-0.018250241,-0.018515056,0.005989945,-0.023819759,-0.025403217,-0.021982955,-0.008113387,-0.021339539,0.024616966,0.042899317,0.022924665,0.020999489,0.019069836,0.003869481,0.004314083,0.038887527,-0.028061285,-0.006265238,-0.013639923,0.023346891,-0.014835751,0.02659722,-0.004855398,-0.002246931
0.021423134,0.017432049,0.029458479,0.021715606,0.026271601,0.013364028,0.013538088,0.00855136,0.00821847,-0.00860753,-0.002977624,0.013406214,0.015841976,-0.004254058,0.013849423,0.017909708,0.031292151,0.010369381,0.036117555,-0.002231854,0.020559523,0.018832488,0.00921406,0.011271354,0.018048428,0.031736227,0.00048029,0.049857626,0.047957895,0.047616154,0.016629753,0.010845192,0.000916873,0.031998155,0.022524243,0.042418241,0.05209556,0.006943171,0.017011644,0.006115707,0.000410979,0.021011815,0.042004785,0.026035839,0.041075284,0.018748352,0.041963792,0.039122564,0.031720623,0.00675823,0.016663337,0.012304758,0.039471157,0.001700794,0.026570339,0.01652617,0.013577191,0.051768943,0.027983287,0.020424581
0.009898025,0.027475224,0.032264483,0.042923936,0.014474104,0.006277172,0.005764038,0.002802978,0.028604991,0.028332513,0.026354761,0.027242834,0.012574147,0.004319501,0.026521797,0.009642764,0.032998776,0.02302586,0.028643984,0.020050918,0.01016396,0.028492943,0.016784016,0.02207089,0.030709024,0.021731455,0.020565823,0.017669613,0.009819746,0.036688901,-0.012454189,0.031297882,0.020699877,0.031827556,0.010393922,0.020510503,0.020485204,-0.000888598,0.021663223,0.006164665,0.020001061,0.007828853,0.039963489,-0.004240733,0.007287963,0.020683738,0.032661483,0.022401737,0.017474138,0.022697114,0.008457449,0.024336772,0.028771963,0.021632982,0.004616586,0.029372308,0.010049648,0.035016945,0.009124482,0.025101886
0.002494334,0.014223922,0.024871638,0.024157485,0.003634153,0.008207222,0.0276984,0.0056785,0.021084097,0.011916999,-0.002366124,0.02915028,-0.020396712,-0.0000229,0.021736657,0.012728986,-0.007843465,0.027246692,0.016791497,0.020124544,0.019949549,-0.01162929,0.025390783,0.023889242,0.031349244,0.012363596,0.017571512,0.010160893,-0.002922729,0.026827193,0.018610709,0.016003389,0.036871655,0.018562193,0.019321178,0.014729678,0.011888655,0.030218985,0.002826403,0.056859166,0.020290344,0.017639571,-0.000463949,0.016627615,0.032636006,0.018741661,0.028466847,0.023706467,0.040146919,0.040679342,0.031808551,0.021464025,0.025052164,0.028843771,0.019991565,0.010763486,0.016897278,0.000722683,0.024667984,0.006991557
0.047597666,0.039018402,0.051849839,-0.015263565,0.007202594,0.034728669,-0.00667542,-0.018688644,0.013391024,0.010755104,0.034890546,0.00625831,0.030833476,0.003189577,0.03456005,-0.002486055,0.023249695,0.020843092,0.019084682,0.044885668,0.004860138,-0.022229735,-0.024215588,-0.022101282,0.007896402,-0.004841076,-0.027593083,0.011760026,-0.014558022,-0.002113005,-0.001986365,0.009696289,0.030379141,0.043471718,0.020573772,0.000135738,0.018097047,0.022101566,0.01247325,0.02592786,0.01977242,0.025878828,0.010657441,0.010152312,0.031356051,0.004950985,0.005878826,0.013697214,-0.017796374,-0.007137572,-0.021797541,-0.015763397,0.011780002,0.024386616,0.002567514,-0.018190631,-0.012057821,0.038925237,0.025786988,0.0000886
0.026216763,0.024686058,0.034031512,0.024003673,0.041498601,0.022088383,0.016849971,0.018631233,0.026592231,0.018084394,0.014735897,0.030895425,0.015383188,0.022822269,0.008054001,0.01854123,0.024177154,0.009269471,-0.007108609,0.00535584,0.011422732,0.017907229,0.039044195,0.051152625,0.03060168,0.03956808,0.040276067,0.027952515,0.016737108,0.040007899,0.027844989,0.016676084,0.011759158,0.021448,0.023645334,0.029069274,0.006147911,0.078639476,0.017241273,0.02382916,0.034537021,0.01998316,0.014344428,0.018825216,0.020799288,0.02518374,0.034763677,0.017611433,0.016004596,0.016207445,0.026725593,0.011754371,0.010092222,0.020005787,0.033003164,0.038586614,0.046209728,0.014722399,0.043343107,0.016168976
0.021663778,0.002585956,0.014934532,0.018601729,0.038113387,-0.010863141,-0.01392079,0.036565066,0.007976009,0.026797768,0.00337748,0.027902701,0.053928507,0.027982889,0.009607941,0.018570892,0.014161608,0.017136919,0.020599796,0.043153592,0.015247006,0.02538812,-0.020080787,-0.042845999,0.007577796,0.010306658,0.034544883,0.018919567,0.019146173,0.02258605,0.011824253,0.018751732,0.024727172,0.034943726,0.021611285,0.041156101,0.003492632,0.022432387,0.026453512,0.016402696,0.030612148,-0.001679741,0.014468125,0.042134583,0.010155816,0.030848832,0.046317974,0.008599923,0.016455346,0.015981287,-0.00758222,0.018062343,0.015930289,0.021988437,-0.017455193,0.027002379,0.046858044
0.015002757,0.022483735,0.024290665,0.048264464,0.025144472,0.031687513,-0.012040557,0.034707395,0.028155474,0.041581835,0.028027937,0.017704255,0.012366211,0.020018714,0.028689901,0.003970153,0.042647968,0.016417773,0.036117082,0.058629555,0.045922351,0.048097996,0.096263268,0.045312613,0.013041483,0.014716483,0.028074764,0.012719323,0.037805782,0.019424152,0.022585532,0.02439389,0.010817256,0.008388418,0.019912169,0.015053497,0.01743136,0.024339319,0.038745449,0.015098298,0.016699877,0.030319787,0.049848303,0.011735613,0.003068603,0.029591417,0.024831988,0.008896972,0.015912496,0.010795733,0.01746511,0.003431753,0.012254698,0.000999141,0.002506476,0.040294043
0.036896307,0.016983158,0.031928859,0.021952621,0.006956185,0.02308006,0.012797837,0.006204233,0.023236178,0.015982142,0.03976355,0.006725647,0.021969652,0.027529809,0.010996324,0.028112725,0.040726132,-0.003293837,0.014900269,0.004840277,0.030723674,0.007891535,0.043094693,0.00624127,0.013838176,-0.019848047,0.024420907,0.02248477,-0.001933143,0.026857386,0.025884659,0.051131159,0.021162918,0.017952751,0.019815238,0.014415183,0.04146636,-0.007929787,0.014829985,-0.02679145,-0.002050493,0.018898521,0.013157624,0.051112456,-0.009562585,0.016359124,0.000960014,-0.00031111,0.00374323,-0.001762848,0.022397535,0.025304517,0.00381079,0.028690826,0.044599266,-0.005246794,0.018210378
0.027537275,0.076348741,-0.035777461,0.056616445,0.004165822,0.031227454,0.014713572,0.008704621,0.012150851,0.007188412,0.021508808,0.028561713,0.035433198,-0.003161064,0.051769694,0.028397484,0.06295654,0.026563844,-0.003065493,0.032714932,0.017210158,0.035102296,0.000737004,0.015428697,0.007983607,0.013500096,-0.002221781,0.018579529,-0.025212171,-0.002984088,-0.009881582,0.000422865,0.001576896,0.030732185,-0.01354465,0.076986001,0.013670067,-0.011594502,0.014706965,-0.009203789,0.040539791,0.004808236,0.022581766,0.015771178,-0.006096781,0.022986565,0.009104666,0.0177698,-0.002430712,-0.036857756,0.023083074,0.017159304,0.003703591,0.006747766,0.027098328,0.000803423,-0.018800673
0.014560172,0.012089431,0.042580154,0.015324709,-0.022746817,0.026902137,0.018178598,-0.000820988,0.024283472,0.011815091,0.018742926,0.02777069,0.020502488,0.014064594,0.008610539,0.008257522,0.011800451,0.013733866,0.039710061,0.02615426,0.029157634,-0.003003503,0.013480152,0.023758674,0.032380988,0.026535626,0.017262468,0.022643634,0.026804909,0.038250512,0.025548764,-0.014398327,0.058432416,0.030263563,0.018726937,0.03364098,-0.020363048,-0.005264642,-0.004758096,0.045931386,0.024671181,0.042197844,0.004556656,0.030894664,-0.005446504,0.03600515,0.029812829,0.028666366,0.023343895,0.025822608,0.014993281,0.028394208,0.020660947,0.018895889,0.024144049,0.014731118,0.008005111
0.023265739,0.004311039,0.018095588,0.017586835,0.003207131,0.018853351,0.004514216,0.00673996,0.026202798,0.015282654,-0.008354514,-0.035353621,0.012813837,-0.007661479,-0.013189737,0.026848028,0.025717437,0.002289578,0.023740643,0.015882865,0.002833937,0.00681661,0.014542856,0.027234316,0.025538239,0.033753387,0.011901685,-0.003160523,0.01438304,0.00167744,0.005165957,0.00837353,0.007829672,0.037657267,-0.01622868,-0.045788608,-0.023316648,0.032633982,0.031179995,-0.007171763,0.007642608,0.023700814,0.006644787,0.004657354,0.018191528,0.011106073,-0.01980575,0.02444981,0.005387013,0.007330625,0.013180176,0.021082024,0.000449567,0.020538683,0.010456346,0.003664559,0.010779274
0.017685353,0.024638862,-0.000827532,0.025588741,-0.018453419,0.02672729,-0.0000996,0.028502446,-0.008097476,0.034927925,0.020680679,0.003876311,0.015604267,0.018118286,0.012550376,0.019352391,0.052532833,0.02627999,0.020560948,0.034463604,0.013585204,0.022023624,0.037670267,0.038820405,0.014732805,0.022424337,0.034370727,0.003737711,-0.02042041,0.018577151,0.023596277,0.000444824,0.032578916,0.033232782,0.035015005,0.017112828,0.026579455,0.000360406,0.00671104,-0.008765712,0.00859411,0.056521517,0.015235865,0.01399413,0.05114474,0.014667336,0.035931254,0.03606531,0.038626842,0.025116593
-0.005512046,0.008658523,0.011056811,0.031652644,0.017859305,0.01782197,0.022823664,0.016302684,0.03238681,0.06569945,-0.004925954,0.027492812,0.014955712,0.061095235,0.02083932,0.013599463,0.019752668,0.011784192,0.004235615,0.01257894,0.024130397,0.019402758,0.040676419,0.000809118,0.029354286,0.071851404,0.025749046,0.042531598,0.03546788,0.036026844,0.027336108,0.055267151,0.051214838,0.038824431,0.031205629,0.022632957,-0.008807008,0.025537848,0.050129593,0.006568783,0.008879509,0.021138551,0.057218194,0.015288456,0.024435948,0.037109553,0.022805754,0.050431694,0.031283993,0.023135801
