0.02097511,0.028402023,0.007012388,0.002191041,0.001542933,0.035746614,0.019025884,0.047314467,0.005259317,0.044483489,0.045246643,0.001086029,0.062624323,0.067623738,0.081963678,0.063670293,0.018787165,0.039314314,0.040062651,0.030817163,0.042877439,0.049917719,0.024232661,0.09075191,0.041538057,0.010117733,0.035433908,0.048845647,0.047278951,0.055571982,0.037392884,0.037103786,0.041020611,0.01325618,0.002403566,0.027484145,0.002198591,0.038907001,0.012594453,0.02786356,-0.003306684,0.039893193,0.02906916,0.050841913,0.020688198,0.060737175,0.04981571,0.037886576,0.027175727,0.057620489,0.052073292,0.035440742,-0.003169665,0.011218675,0.031312474,0.02855949
0.018329674,0.036487548,0.012773656,0.010920447,0.026808032,-0.011341448,0.012267854,-0.02563388,-0.024580899,0.053189442,-0.011213117,-0.003457137,0.001797964,0.034095403,0.012435115,0.006109573,-0.009504929,-0.00890632,-0.006877033,-0.038630671,-0.028531688,0.005716867,-0.023585713,-0.003254029,-0.017858923,-0.025162685,-0.020809983,-0.017509742,-0.031060709,-0.005544746,-0.001895086,0.033683356,0.021745519,0.000451181,-0.006424013,0.004969144,-0.015998907,-0.012100847,-0.041814847,-0.00903383,-0.00543483,-0.002107956,-0.022295347,-0.002250294,0.02006782,-0.028880948,-0.022964083,-0.011745179,0.012763483,0.023231992,-0.008272276,0.028950883,-0.014503952,-0.008473196,0.005712674,-0.011600479
0.034354014,-0.006243053,0.04620932,0.011472021,0.01231243,0.034062393,-0.002927638,-0.007784397,-0.011705936,0.007772293,0.011629831,0.008316055,0.026223547,0.023275004,0.007925248,0.031369598,0.006093468,0.037070464,0.008745345,0.037260211,0.031345036,0.014600513,-0.002243071,0.018624723,0.026905809,0.028218593,-0.00445662,0.013926965,0.014779532,0.042933368,0.023777583,0.018148959,-0.005014204,0.003082862,0.040989384,0.020247365,0.040066181,0.001741345,0.035503147,0.026342884,0.031316067,0.025980861,0.009380512,0.022277865,0.03775386,0.03250307,0.05272028,0.015838216,0.034952987,0.000498582,0.009187574,0.029582821,0.015761879,0.016254577,0.00790641,0.040556548,-0.011732899,-0.000134928,0.002851199,0.010855665
-0.001333587,0.032709185,0.035687792,0.010580377,0.021193884,0.026009253,0.036899842,0.005277984,0.010820917,0.027585372,-0.000853676,-0.007451067,0.011135687,0.012266515,0.009515271,-0.020277589,0.024615366,0.036573205,-0.005757133,0.019232995,0.009310071,0.008469714,-0.003215509,0.009106466,0.021244064,0.003559962,0.006303984,0.006070062,-0.011566216,0.033935153,0.026690109,0.01180486,-0.016341899,0.02619005,0.03540223,0.0300289,0.009341283,0.037133555,0.038475809,-0.011850537,0.014983544,0.008086174,0.0261677,0.018555149,0.015230514,0.026895016,-0.003111733,0.030456971,0.026662206,0.031047841,0.018551312,0.048683219,0.024369353,0.017757472,0.01876697,0.042829131,0.009536095,0.007758621,0.038303183,0.03191862
-0.009761204,0.02273413,0.008165454,0.029023911,-0.002236726,0.020779739,0.015569155,0.022261417,0.018701172,-0.017948876,0.022684557,0.037813146,0.019288621,0.020971269,0.013495406,0.006281961,0.006651067,0.013756213,0.0180074,0.003879179,0.045618933,-0.009943337,0.012205488,0.040181065,0.009593369,0.01027857,0.007544532,0.029761825,0.011826175,0.026642421,0.010774869,0.037177821,0.018102881,0.049818334,0.017721088,0.0101535,0.041400357,0.00842556,-0.018091537,0.006356655,0.017566347,0.028088952,0.000902696,0.011518386,-0.003181574,0.016058872,-0.001610285,0.009776147,0.01414212,0.007873799,0.012626457,0.023650968,-0.019931901,0.013095049,0.026639873,0.017474105,0.012906807,0.022770179,0.022718944,-0.012473705
0.003355264,0.02348579,0.013712265,0.008450562,0.01421856,0.007315634,0.040647109,0.019060714,0.017955732,0.013933185,-0.018955468,0.02164244,0.015032927,-0.001485612,0.022698906,0.041581671,0.00435175,-0.00433575,-0.000266676,0.001487204,0.010995643,0.009778007,0.014642927,0.009487479,0.015520136,0.018246917,0.007613883,0.023618268,0.075918456,0.020756329,0.013906056,0.027457333,0.022978496,0.006516413,0.005828032,0.029665979,0.003838675,0.031533801,0.045869903,0.02358056,-0.003657933,-0.00296281,0.034550396,0.035316965,0.006059667,-0.002087994,0.024607296,-0.008729245,-0.040400045,-0.053003395,0.00138734,0.004626888,0.008193816,0.026317612,0.02929904,-0.005681853,0.023344906,0.010951343,0.027667897,0.02484256
0.022066976,-0.00850765,0.009416664,0.025831375,-0.00111997,-0.01054966,-0.014867987,0.032566243,0.00361637,0.052719158,-0.017611148,-0.012649221,0.015225676,-0.009831424,0.021752455,-0.002515324,0.046317266,0.047706737,0.01630581,0.041513168,0.049834652,-0.004403028,0.041948448,0.015722359,0.090330866,-0.011894495,-0.014388571,0.017682232,0.071647213,-0.019425005,0.032657646,0.047823762,0.028714953,0.012810951,0.063087411,0.011949481,0.011695356,-0.055088487,0.12561786,-0.053656031,0.004725441,-0.006993809,-0.088011255,-0.03906401,0.01254787,0.089418559,0.074782744,0.062800075,-0.078029742,-0.014688736,-0.011049547
0.043237845,0.031853094,0.004602165,0.010451772,0.001574255,0.032046534,0.04895241,0.022603147,0.017766818,-0.00166821,0.024981026,0.0269574,0.010705988,-0.006728149,-0.047492998,-0.008024615,0.003508316,0.007505755,0.001998414,0.009340448,0.019955071,0.052315496,0.013428398,0.011102531,0.021699927,0.031910459,0.02642961,0.000917102,0.002939644,0.031963079,0.034847997,-0.005186424,0.001355258,0.029734571,-0.001455548,-0.012191398,0.023985326,0.015224916,0.017478095,0.028921039,0.034741244,0.008398802,0.011609707,-0.002062779,0.013579417,0.051439968,0.026722574,0.016856356,0.038801168,0.031434046,0.004296057
0.012317756,0.00705558,0.016161372,-0.001189235,0.017658272,0.012399955,0.03607071,0.033143841,0.004515025,0.037545921,-0.109591305,-0.129246444,0.021146226,-0.009548447,0.00432347,0.032479097,0.021897049,0.036102217,0.017986968,-0.000757656,0.055367645,0.040721701,0.025399823,0.027489,0.042710107,0.033225584,0.025181833,0.007349403,0.028637747,0.024727664,0.035234671,0.020417269,0.000336046,0.015278496,-0.01148838,-0.012512056,-0.018914953,0.009054146,-0.000654236,-0.012057025,-0.009541983,-0.003930367,0.027543621,0.000208712,-0.028567682,0.014945242,0.002561081,0.021758022,0.012693357,0.126394288,0.078245424,0.068092785,0.07428771,0.067772484,0.103677879,0.020408964,0.002913143,-0.041850105,-0.002337805,0.034353317
0.027173305,-0.019469433,0.033531141,0.001840707,0.008854969,0.046365423,0.031531048,0.018458654,0.059804382,0.045777091,0.031441036,0.025311611,-0.013681955,-0.016273568,0.017909448,0.03151155,0.023080839,0.012896512,0.005353374,0.029032321,-0.018342445,0.027311188,-0.000608105,-0.003948909,0.027111889,-0.016581378,0.015727211,0.055059199,0.000505295,0.030543237,-0.017214324,0.030310845,0.071033008,0.064421964,-0.071241069,-0.018679029,-0.023601662,0.000904812,0.00762955,-0.051995844,0.013042557,0.039770888,-0.026635125,-0.028326658,0.022403385,-0.003552376,0.006739892,-0.102746056,-0.136507111,-0.155944887,-0.089811171,-0.064386744,-0.015893994,-0.13116927,-0.043258392,-0.094905824,-0.084074566,-0.088489591,0.014742836,-0.02209122
0.027621149,0.005484289,-0.011691881,0.033324684,0.044125512,0.027169232,0.02321062,0.009711634,0.002405378,-0.008756564,0.0104362,0.031591509,0.012513958,0.002325085,0.057215346,0.012164532,-0.012438588,0.037055291,0.033505513,0.010082445,0.034279821,-0.012108497,-0.006088136,0.030430543,-0.017656579,0.015603994,-0.031503613,0.003960305,0.002842442,0.021167556,0.048309536,-0.004543181,0.041983669,-0.009247693,0.063454004,-0.003986758,0.012122509,-0.024485681,0.025029617,-0.015892686,0.009155272,0.010385312,0.005597849,0.004931881,0.018811188,0.018511476,-0.00894386,0.013612989,0.013235668,0.038423166,-0.031215931,0.029552319,-0.019757543,-0.014627428,-0.034153998,0.00486279,0.043683407,0.051738134,0.035411446,0.029525759,0.016491383,0.006062415,-0.005112741,0.005388778
0.013558338,0.015269318,0.002580329,0.013653767,0.003473291,0.024178779,-0.012946012,0.012515591,0.027713113,0.027291084,0.012310386,0.029832951,0.027217083,0.016044338,0.017077619,-0.000454602,0.050122735,0.007098336,0.006778631,0.006294047,0.017691944,0.026720625,0.008320455,0.02321181,0.020559663,0.012095788,0.038195061,0.039977982,0.017714955,0.019230082,-0.017681037,0.025451701,0.008402782,-0.010748912,0.004635771,0.010009437,0.041365631,0.016454683,0.045484986,0.049726785,0.013548887,0.001587631,0.037583962,0.022725375,0.022471135,0.019637546,0.007280588,0.020292672,0.054002451,-0.030263359,-0.01552583,-0.026495517,0.033326251,0.040926411,0.001550984,0.013454557,0.017764699,0.011763537,-0.004320029,0.011117159,0.002078911,-0.020504304,0.00830328,0.004301882
0.010643573,0.034032072,0.009260812,0.053149143,0.015234391,-0.004394563,0.014740806,-0.000861135,0.000181111,0.040818997,-0.006870654,-0.002958157,0.009440508,0.027612385,0.007405509,0.02887569,0.020634702,0.010682257,0.024260045,0.012281941,-0.013648856,0.043723081,0.024190865,0.139711757,0.017259592,0.031815542,0.026173572,0.018221177,0.028535133,0.033334003,0.042521103,0.014595444,0.035773039,0.018525141,0.008214573,0.012368626,-0.018501294,0.037749502,0.00369638,0.036772062,0.031468209,0.025489689,0.053595497,0.035233437,0.012544722,0.01869434,0.010173806,0.043214686,0.02655344,0.02166553,0.002220827,0.018264543,0.037657851,0.029024968,0.009511181,0.044431411,0.001763612,0.022357937,0.003001383,0.022835444,0.01248486
-0.100937673,0.211248201,-0.109175719,-0.038412411,0.065087153,0.039586,0.047553005,0.039044964,0.012849111,0.015267849,0.010387792,0.020366907,0.046874433,0.084271918,-0.017126852,0.045767261,0.0653083,0.021160219,0.009900661,0.029085242,0.045287502,0.041917973,0.035141294,-0.003798836,0.015632716,0.018937599,0.033353181,0.049200845,0.022731729,0.025456917,-0.016400493,0.065835609,0.001830119,0.028905713,0.029619038,0.041643688,0.012883702,0.023085116,0.014902813,0.006642426,0.015662271,0.033508076,0.02805069,0.026834859,0.036299914,0.039540507,0.030105424,0.030779886,0.015955936,0.04340651,0.037089165,0.021230116,0.01281209,0.017672013,0.00395023,0.027270092,0.020125662,-0.001646826,0.021626685,0.035583418,0.016388801
-0.000600544,-0.003421469,-0.020457235,0.033045187,0.029863843,0.016660494,0.02499065,0.028473489,0.010221448,0.015454903,0.03390214,0.002692608,0.012642903,0.025295489,0.00874958,0.025275138,0.019482202,0.018645204,0.018549767,0.018086379,0.032652861,0.036602872,0.020471461,0.033641002,0.02334467,0.019861316,0.023902256,0.025930978,0.025516603,0.000174297,0.00936107,0.019432559,0.034133835,0.024088298,0.061251225,0.028620404,0.013635711,0.017999638,0.007303456,0.008971934,-0.003248124,0.005105731,-0.00347618,0.026473017,0.03685938,0.025163746,0.031760842,0.0198108,0.02877559,0.012402697,0.029324891,0.023626107,0.029200758,0.007310757,0.036595275,0.025766353,0.018016056,0.013243026,0.023906873,0.015111876,0.033238663,-0.002403986,0.039917814,0.023103153,0.026007896
0.009280729,0.032339723,0.04794196,0.01888236,0.002132359,0.02984147,0.016832392,0.022081863,0.01571082,0.013003226,0.019340549,0.020558742,0.007109394,0.025345884,-0.009814043,0.015369755,0.010933399,0.032312802,0.023530246,0.043834349,0.063322966,0.040311061,0.027961462,0.030426128,0.027478802,0.036547206,0.051481189,0.014214804,0.019758891,0.025028603,0.008755009,0.021195306,0.037561504,0.046903386,0.027237241,0.009428596,0.035531815,0.037006131,0.028628889,-0.002054261,0.013650093,-0.002936018,0.019140424,0.038171752,0.012445319,0.003688763,0.004756348,0.021047015,0.00609627,0.009824419,0.051284716,0.012838362,-0.001100674,-0.008715164,0.037561956,-0.017637453,0.03810767,0.014530336,0.021605142,0.015607429,0.008910942,-0.000591659,0.024046293,0.024492467,0.031108997
0.041637243,0.021165519,0.032328479,0.008277911,0.008099884,-0.016269854,0.030454107,0.01141061,-0.001871228,-0.010095287,0.014282742,0.024218486,0.059455894,0.019931777,0.027425272,0.016092939,0.0383012,0.012483829,0.03659156,-0.006185488,0.059139597,0.013221705,0.034164558,0.015626707,-0.004970039,0.010883502,0.004588621,0.011425485,-0.013252804,-0.01451411,0.068363048,0.035940775,0.020779419,-0.003788753,0.012537603,0.044872439,0.008751042,0.001285237,0.039953338,0.017723871,-0.022419447,0.005567713,0.007511988,0.011900802,0.017114557,0.034629155,0.020556925,-0.003481567,0.009126539,0.01706192,0.021993691,0.011529369,0.028412283,0.03342753,0.00904142,0.018676783,-0.005125414,0.020457294,-0.016831684,0.017489649,0.005137486,0.032325821,0.001917628,-0.001629009,0.005938292
0.037460639,0.023662913,0.040804196,0.00964587,0.008441377,0.051258455,0.034137959,0.029977012,0.069164953,0.022601774,0.031742952,0.015017034,0.026433998,0.024176319,0.00444311,0.021174149,0.031483497,0.037243818,-0.010141111,0.046987258,0.022439063,0.005638596,0.051528446,0.036985514,0.035191579,0.038946766,0.044023987,0.010682939,0.008952401,0.011861254,-0.024348507,0.020927899,-0.027835376,0.003426817,0.017936091,0.025871069,0.039735174,-0.008108084,0.046227285,0.019933192,0.005609638,0.020374092,0.013871476,0.015933774,0.006025925,0.020003599,0.013925415,0.013936036,-0.031608638,0.024880386,-0.018621673,0.006615541,0.015372899,0.01387039,-0.023746796,-0.003006713,0.020854441,0.017903247,0.002742391,0.0000469,0.013700995,0.034100154,0.029740341,0.002648587,0.017450341
0.015372871,0.025965913,0.002801485,0.005062757,0.013601497,0.017043523,0.035070019,0.022425733,0.041791366,0.026264894,0.030714753,0.010101955,0.029439716,0.025410155,-0.005207406,0.071308623,0.004476506,0.042059099,-0.002191751,0.008554838,0.016207438,0.004746792,0.038519122,0.00981288,0.017184479,0.038849117,0.027180786,0.023216089,0.045748007,0.00631566,0.03151914,0.033161534,0.033181657,0.071606355,0.022060672,0.003541335,0.021193729,0.014345822,0.036986875,0.015558959,-0.004236241,0.032336077,0.02955935,0.051878144,-0.00187715,0.032715631,-0.011511003,0.000682089,0.050204797,0.018166847,0.021390908,0.002722574,0.039377347,0.026275461,0.000589314,0.022899998,0.025960572,0.032195717,-0.011139655,-0.007238242,0.043105403,0.049332869,0.046059555,0.039862239,0.016913781
0.014073613,0.030332766,0.014670863,0.035765248,0.008227515,0.028993107,0.04192773,-0.002943392,0.015726504,0.00403816,-0.00452611,0.00859329,0.037931611,-0.000385334,0.021258817,0.033577976,0.054527814,0.00317169,0.033644743,0.0000654,0.008493415,0.01792867,0.069370882,0.029524282,0.017291962,0.030493432,0.036095328,0.007816094,0.022554611,0.042888722,0.024964616,0.034450909,0.029749329,0.026303086,0.04027545,0.02183737,0.0230014,0.054323716,0.006786987,0.026014446,0.019257046,0.00765364,0.025500966,0.013475376,0.027883373,0.019961287,0.013493849,0.006631673,0.031403218,0.021843602,0.018658305,0.005282627,0.022123254,0.020940795,0.037152636,0.0193111,0.02192913,0.005941182,0.033483535,0.045123838,0.044896595,0.040022621,0.059513568,0.02855841,0.009910639
0.027872322,0.051668065,0.035964304,0.037577242,0.0208807,0.01895874,0.00974258,0.001686037,0.006243669,0.052188969,0.030129261,0.027876761,0.024920103,0.024110567,0.003538019,0.013193973,0.035986027,0.032126416,0.016519541,0.0319221,0.040729487,0.019992636,0.012785881,0.035248244,0.02464874,0.001862722,0.020543261,0.037625196,0.080659577,0.051745472,0.020717409,0.021422039,0.019124468,0.036692008,0.032454472,0.009331893,0.016627022,0.041159556,0.006659425,0.008317096,0.051239371,0.012439098,0.014499975,0.01328322,0.059301128,0.063488346,0.006738226,0.018153182,0.005072149,0.02162492,0.047377512,0.049475017,0.017338263,0.036236612,0.035884788,-0.009433384,0.04815544,0.024506946,0.026180065,0.046529555,0.014132944,0.042059552,0.015165453,0.037056286,0.035577332
0.022654035,0.084714334,0.046465835,0.037910659,0.050893876,0.009854975,0.028360364,0.046633989,0.017561215,0.022160038,0.028711489,0.053212629,0.001078041,0.037874196,0.025404353,0.008776061,0.020591593,0.018903741,0.006538075,0.006959396,0.059235735,0.032509041,0.025801102,0.039881402,0.046442051,0.03132552,0.020629894,0.027653051,0.037474767,0.006044659,-0.024604879,0.052492487,0.031783169,0.053896642,-0.010085319,-0.001226981,0.004761972,0.019428901,0.031098631,0.022020953,0.015809454,0.028262021,-0.00817913,-0.003718274,0.000597297,-0.003817975,0.03234897,0.002525746,0.008336035,0.000390396,-0.013295249,0.009343362,0.026246392,0.008055348,0.035917924,0.017483428,-0.001888014,0.002277475,0.023899795,0.010227609,0.018335548,0.012816478,0.0129764
-0.003445116,0.007806637,0.03045516,0.00499897,0.019513646,0.022713855,0.011115503,0.00168415,0.010485715,-0.030184702,0.01494045,0.025020583,0.006571318,0.019740056,0.015131027,0.015989643,0.028563402,-0.009246211,0.002500419,0.018500887,0.029206577,0.006304428,0.00034378,0.017699893,0.013029241,0.027409255,0.002803539,0.007531679,-0.000766937,0.025935772,0.009153113,0.033096352,0.0348303,0.060074267,0.025690174,0.004547364,0.022503104,0.021560858,0.042777585,0.022284079,0.030899368,0.015242522,0.001381304,0.029681047,0.037653142,0.009458612,-0.022483488,-0.005646424,-0.015553339,0.024093747,0.028192553,0.010866107,-0.005834079,0.018195079,0.020012543,0.01430896,0.006707479,0.025517559,0.02616407,0.030050019,-0.027737406,0.022194735,0.0148348
-0.053152562,0.014199777,-0.056244722,-0.009722044,0.043534997,-0.072983457,0.077835266,-0.053295797,-0.024707854,-0.094085124,0.090364805,-0.034955658,-0.060258684,0.004992983,0.049222033,-0.014491886,0.017780926,0.012961203,0.011663914,-0.009749472,-0.010212573,-0.002048504,-0.042302664,-0.013487747,0.001371024,0.02284316,0.046667855,0.028460451,0.026520154,0.018660764,-0.025782641,0.046712921,-0.001826262,0.029559769,-0.035695018,0.002395625,0.012571951,-0.009361574,-0.001424115,0.019039371,0.003808465,-0.031103516,-0.019471815,0.052880733,0.026930586,0.045649512,0.037213367,0.008149364,0.0373334,0.036138345,0.04206363,0.018652395,0.054084009,0.026289319,0.019244407,0.022794446,0.038444269,0.012731495,0.029561178,0.029237243,0.034255104,-0.014467925,0.032893782,0.013941053,-0.014757965
0.051630506,0.026243722,0.019036185,0.035488334,0.038260796,0.041323718,0.028931015,0.030601328,0.006136674,0.034909069,0.023047695,0.025240652,0.038750156,0.014778528,0.016391568,0.027623999,0.046914161,0.004634312,0.019178013,0.015611238,0.047836142,0.021084022,0.016561387,0.010489695,0.023070192,0.032278993,0.021154778,0.039123317,0.019473339,0.047153995,0.022114066,0.018665261,-0.001989695,0.025982372,0.003982594,0.007760249,0.021842977,0.007982745,0.005467679,0.02581989,0.014229116,0.020480742,0.027953684,0.017047933,0.032928458,0.00435739,0.00894797,0.032972634,0.028097941,0.061285722,0.038465209,0.014608872,0.015842656,0.038012214,0.023659859,0.049069932,0.023195826,0.035275781,0.025502105,0.009525061,0.019251554,0.006138488,0.009431598,0.016587198,-0.009662723
0.014386429,0.00894003,0.013218328,0.008097387,0.019951321,0.005736661,0.013231828,0.046920302,0.029376536,0.037115888,0.013440791,0.037902901,0.0277848,0.0286647,0.020200045,0.02295341,0.028956396,0.004774244,0.024635048,-0.006916056,0.028458986,0.023635976,0.023609842,-0.001511986,0.005824926,0.031127242,0.001667701,0.033590134,-0.011808609,-0.013964565,0.011795425,0.06065204,0.034652338,-0.010713395,0.042640464,0.005363425,0.054601367,0.054048283,0.023085915,0.014574455,0.013143422,-0.0135816,0.025334591,0.003201358,-0.008261552,0.001279648,0.00754395,0.018175168,-0.005188054,0.013263415,0.002456154,0.026382649,0.034461939,0.008866265,0.010254141,0.00184243,0.018361877,0.01590891,0.037684629,0.006911531
0.05935401,0.054568173,0.035833553,0.022116447,0.027718144,0.033652623,0.047696442,0.006339365,0.023571859,0.072830623,0.030744935,0.074267718,0.080144553,0.102671307,0.022160396,0.057142173,0.029770345,0.031206686,0.018722669,0.054859989,0.05244597,0.056674715,0.055654633,0.042950957,0.024607354,0.017486261,0.044862606,0.041499394,0.031416196,0.019644077,0.021837318,0.065577925,0.051972952,0.070432989,0.028302653,0.039605096,0.033301614,0.021530549,0.048557994,0.040084729,0.032844438,0.037534038,0.011236658,0.0187576,0.012599504,0.022359141,0.055225285,0.038160511,0.049260783,0.00591611,0.040504417,0.013404333,-0.01789032,0.021881193,0.026720051,0.017669199,0.027319346,0.009870705,-0.0211365,-0.001114813
0.011109031,-0.033243159,0.013022247,0.006650055,-0.013640383,0.069469828,0.028845951,0.005127762,0.007793786,0.006594047,0.016793074,0.025597774,0.02648741,0.009218884,-0.025960109,0.003982541,0.008916695,-0.003061717,0.025388967,-0.020632548,-0.002737963,-0.005398434,0.001847117,0.004776485,0.033755419,0.041663755,0.00975038,0.004702313,0.000870866,0.020402876,0.007596897,0.006360838,0.027739797,0.006055945,0.000982436,0.002958253,-0.00011807,-0.0118834,0.014693383,0.01034231,0.005537279,-0.000059,0.02876519,0.056416896,0.021268377,0.020378123,-0.02305355,0.036178486,0.042688847,0.068557646,0.023679252,0.074242741,0.08427776,-0.00722166,0.008748804,0.039513104,0.003540448,0.014306913,0.024421798,0.008130522
0.05023642,0.009165885,-0.037555033,0.013480076,0.004974209,-0.002469211,0.036561533,0.019029432,-0.002046316,0.029033246,-0.001191183,0.011186835,0.041098814,0.038942163,0.025759449,0.022243154,0.010179206,0.026692187,0.021651398,-0.006395663,0.012844273,0.030810589,0.02612723,0.018115279,0.014632016,0.037214172,-0.001252248,0.001002065,0.018058305,0.023524237,0.008074218,0.024974668,0.002376423,0.026954416,0.003661364,-0.024885334,0.018072284,-0.000562004,0.014423456,0.014452148,0.006037581,0.004659967,0.022595964,0.001712077,0.011042105,0.021402111,0.005090499,0.029269614,0.02062282,0.059598393,0.001193046,0.050998831,0.036221443,0.03379042,0.017827868,0.011916164,0.008521909,0.021260306,0.02088983,0.010843726
-0.108983,-0.112035114,-0.124622343,-0.073565192,-0.073691601,-0.092456414,-0.055954969,-0.078602943,-0.044429335,-0.04344717,-0.02757432,-0.055227392,-0.014913868,-0.010741979,-0.012229413,-0.003044572,-0.010792903,0.018758849,-0.080638429,-0.035637449,-0.014807272,-0.012086697,-0.010921748,-0.033161363,-0.047961901,-0.056758136,-0.030730385,-0.010826694,-0.002930509,-0.012542455,0.009467963,0.015248189,0.040003979,0.037401888,0.023483332,0.039412433,0.020893889,0.023119145,0.016201494,0.014123032,0.039229146,0.000601262,0.048546655,0.014793734,0.006863136,0.026871229,0.007889171,0.014586563,0.009222141,0.029717466,0.039324111,0.027883667,0.009471723,0.027104874,0.030092172,0.02236952,0.007771441,0.013840764,-0.001759745,0.012233757
0.002518961,0.00692432,0.001890774,0.000864454,-0.023201605,-0.009230896,-0.065630249,-0.010503642,0.023442428,-0.009339674,0.022676483,-0.005122095,0.029938105,0.040323776,0.025805721,0.042660878,0.00942637,0.034191235,0.003809838,0.012736097,0.017600153,0.017894678,-0.000225356,0.033842539,-0.011326707,0.011607857,0.019286246,0.005683585,-0.002423617,0.025028536,0.007227145,0.024827809,0.002858166,0.013605238,0.019871312,0.014935034,0.007355119,0.030997748,0.022859214,0.016627691,0.022585625,0.026700138,0.021763523,0.018930126,-0.000425112,0.029861698,0.01122532,0.015557858,0.033787348,-0.001267611,0.025986349,0.022645538,0.00682991,0.011998495,0.012956582,0.041896297,0.013785414,-0.010914407,-0.004879112,0.006497105
0.019060905,0.026438129,0.026078021,0.015232813,0.010940294,0.031342287,0.013353933,0.007277467,0.039606844,0.017617859,0.024337534,0.005191507,0.016969197,0.028117415,0.039107964,0.004691593,0.007800646,0.013373093,0.000650599,0.010862489,0.028028316,0.019855426,0.022929254,0.003388385,0.030144142,0.009892504,0.020430539,-0.01152769,0.031582518,-0.030898404,0.019528317,0.01020806,0.005508312,-0.000599556,0.015741395,0.023456841,-0.0000231,0.012125003,0.010605466,0.010534696,0.013795828,-0.001387478,0.025495467,0.009973231,0.017950018,-0.0149237,0.027169286,0.019097632,0.013235555,0.005268162,-0.002284827,0.009130357,-0.013196643,0.022969612,-0.015100362,0.018906867,-0.006450163,0.015522962,0.017465178,0.016075048
-0.004740251,-0.103654178,0.018436523,-0.015285445,-0.062421609,0.026944477,0.001666547,0.019555049,-0.027406442,-0.009316102,-0.039776285,0.014186027,0.004562449,0.003616233,0.009498639,-0.012847668,0.038502056,0.018705963,0.003074799,0.027010775,-0.005867444,0.020144334,0.005334502,0.020445205,0.006070367,0.004040409,0.00952498,0.029658014,0.023621346,-0.007324229,-0.057311637,-0.015290461,0.014583179,0.013711893,0.01120287,0.019753228,0.040707221,0.037432191,0.048786294,0.021577546,0.05231219,0.010689916,0.062689626,0.02670464,0.040448191,0.032204954,0.027636554,0.044496998,0.020273542,0.02279468,0.024284716,0.017877661,-0.008703704,0.031383947,0.019480157,0.038769676,0.018287448,0.018074855,0.003724238
0.020974335,0.010734061,0.038707282,0.012558784,0.030899754,0.016135361,0.040481674,0.018370974,0.011452034,0.028622802,0.047186907,0.020506373,0.021809641,0.027233993,0.008971435,0.024675082,0.028630944,0.034334629,0.040527943,0.01612122,0.024133919,0.031623887,0.024614699,0.01014036,0.019859504,0.009839081,0.018912766,0.007181744,0.042698868,0.015896449,0.028350986,0.026326865,0.034292431,0.008660954,-0.005280764,0.022003006,0.020397065,-0.006043175,0.015876244,0.021720079,0.022554409,0.000280584,0.009472987,0.02517635,0.006610532,0.020871514,0.011855961,0.022227439,0.02913347,0.015409084,0.034167855,0.010988714,0.016792401,0.011683729,0.006276657,0.011649035,0.010238889,0.015771526
0.037608557,-0.007486927,0.009251849,0.019012622,0.028414448,-0.001246413,0.000786698,-0.004930202,-0.012753991,-0.020416887,0.010856053,-0.004299428,-0.021432952,0.016153683,-0.00037632,-0.022639487,0.004560273,-0.009535964,0.017939871,-0.030249262,0.003339101,0.012284695,0.00712797,-0.006378992,0.004764298,-0.01095051,0.003495645,0.010403856,-0.00707281,-0.019005877,0.011049324,0.008728867,-0.004222625,0.007950134,0.00340504,-0.008186509,0.013411327,0.012596965,-0.001412061,0.022922328,-0.008063883,-0.009379548,-0.025057106,-0.012655932,-0.028583372,0.009238324,0.014447875,0.005808613,0.019399216,0.028713417,-0.000541472,0.006305349,0.003334566,0.029660056,0.006685196,0.012708667,0.009332396,0.015376212
0.018157565,0.030783365,-0.010620616,0.025682625,-0.067072893,-0.065293925,-0.08078806,0.02811519,0.011007575,0.003955391,0.01322631,-0.006359353,0.019003926,0.024710939,0.003732972,0.009388822,0.005036678,0.030322409,0.013090297,-0.018937743,0.031447076,0.00445511,0.022915123,-0.002412468,0.022605188,0.028979517,0.027773704,0.016317297,0.060594294,0.017777099,0.036711965,0.011087126,0.027632944,0.009141799,0.018127269,0.020447152,0.015602665,0.015100968,-0.003749951,0.052209337,0.003029348,0.004120602,0.037360955,0.012922804,0.030884008,0.015019356,-0.008618162,0.033684461,-0.004697709,-0.021233163,0.007255792,-0.029563264,0.018500828,0.025422334
0.031616529,0.005380168,0.005809926,0.019009382,0.013653865,0.016041231,0.014609088,-0.000178919,0.010379803,0.027747896,0.023308431,0.025118409,0.015036671,0.020710626,0.034543486,0.001758829,-0.000478444,0.017036205,0.036965661,0.016873047,0.004617414,0.014935318,0.10131336,0.029004114,0.028992052,0.024263204,0.006997718,0.02038627,-0.012058068,0.017724602,0.02290616,0.002302528,0.003509167,0.012756319,-0.005056743,0.015324665,0.000253559,0.011993822,0.001340312,0.015184802,-0.01778989,0.002565742,0.003553724,0.008406749,0.018110281,-0.011668947,0.009765416,0.013728257,0.018730977,-0.013697773,0.020816139,0.024061824,0.004950658,0.022062911,0.013833291,0.004347845,0.013281137
0.023795158,0.011755076,0.032189462,0.027045492,0.019322287,0.019666993,0.022610453,0.051376937,0.024370368,0.036283701,0.018517725,0.017763018,0.021001609,0.015030144,0.014428521,0.022687002,0.017525727,0.030974372,-0.018774014,0.021001535,-0.002239561,0.025234781,0.026607942,0.001544724,0.028132022,-0.001930692,0.035912582,0.021879485,0.025250698,0.026538425,0.034207377,0.017643036,0.0293689,0.033909082,0.029851684,0.026938084,0.026683594,0.01127095,0.018151564,0.009104242,-0.006947395,0.010257783,0.026980345,0.036167894,0.013963562,-0.006882847,0.013853716,0.021413458,0.022270871,0.018138189,0.018398099,0.032289999,0.041136844,0.024432536,0.009538756,0.00784605,0.026382351,0.033959118,0.030040321,0.020104368
0.022767793,0.042318356,0.023013907,0.030961174,0.021522248,0.031604726,0.032860501,0.020381664,0.004502845,0.028003121,0.024784683,0.019211615,0.01271461,0.016068667,0.012280366,-0.000880572,0.0083237,-0.033336392,-0.002776423,0.014587013,0.017804996,0.00371992,0.02174496,-0.000169474,-0.021384061,0.023498188,0.019204842,0.026378624,-0.01029471,-0.0039855,-0.010243656,0.003631982,0.010890593,0.034916699,0.016533528,0.018082763,0.019756931,0.016387959,-0.002966454,0.018350209,0.018797945,0.023762272,0.054955863,0.01161842,0.036624107,0.03124226,0.042280918,0.0749924,0.046750444,0.01323881,0.026038401,0.049515888,0.017794904,0.009078537,0.002524995
0.023641002,0.022675226,0.020714375,0.009207202,0.008594172,0.034749664,0.04551517,0.049691079,0.031629231,0.018240234,0.018323062,-0.001781789,0.016297894,0.017311294,0.022496364,0.019623055,0.007645794,0.012837213,0.030191305,0.018890125,0.02000783,0.011584282,0.022393303,-0.013785923,0.003826456,-0.006326022,-0.004364431,0.038936001,0.016526094,0.01186927,-0.018936551,0.027862233,0.026641948,0.018991773,-0.011180851,-0.003303904,-0.005233629,0.010017999,-0.001373657,-0.032699476,-0.005700244,-0.034433804,0.004276883,-0.010152938,0.002810569,-0.003529172,-0.011300516,0.009774475,-0.002383553,-0.013291518,-0.002194537,-0.033852907,-0.022534628,0.006746867,0.000643457,-0.003999976,0.019161317,0.016840196,0.017644968,-0.003414823
0.028782038,0.015989295,0.015255547,0.013393475,0.042085546,0.003596467,-0.006704908,0.005497111,0.033991137,0.021906242,0.037019927,0.020486491,0.01540722,0.003231248,0.018331815,0.005859676,0.053360422,0.025926035,0.014443064,0.029998704,0.000175644,0.02604034,0.037132002,0.027382859,0.031455815,0.06581067,0.040050756,0.056525697,0.008638655,0.047240514,0.018086482,0.026203958,0.029958056,0.0707503,0.077894076,0.079339778,0.065762488,0.115921753,0.115117144,0.069720682,0.085964347,0.071683407,0.069422444,0.044846403,0.06907825,0.073028448,0.052907877,0.040507204,0.039159156,0.029090195,0.048089765,0.049570503,0.048646454,0.027127306,0.042604182,0.025102768,0.053433275,0.057062021,0.053027682,0.040797737
0.039342965,0.012001389,0.017536034,-0.041563224,-0.000498874,0.021410917,0.034366925,-0.061739384,-0.02839338,0.029914515,0.021273227,-0.006524479,-0.001199288,0.003563771,0.017836474,0.048659937,0.0554588,0.037813199,0.050082484,0.060866576,0.020661967,0.053028675,0.041647046,0.066767898,0.040094795,0.045906056,0.052960958,0.0917839,0.072948054,0.077106301,0.028517275,0.035281499,0.040278756,0.04320905,0.039080021,0.04678047,0.027388091,0.063359787,0.067010439,0.060367903,0.028714069,0.088504493,0.081820458,0.079831542,0.100752965,0.007462626,0.054517759,0.048519307,0.054608944,0.035390005,0.079318113,0.020826603,0.048802367,0.045918196,0.017622454,0.051932877,0.045044904,0.043538944,0.058051657,0.054370401
0.007519703,0.013825216,0.017091035,0.018672955,0.021149118,0.020354992,-0.003578631,0.00189145,0.001287769,0.012643593,0.041584231,0.024650352,0.022935321,0.008301704,0.006368982,0.010524948,-0.074344831,0.014789903,-0.038505506,0.032639023,-0.003512614,0.000671454,0.014651328,0.020201717,0.024627732,0.009735996,0.021582243,0.01584679,0.005864318,0.020523916,0.013945628,0.021967178,0.019409323,0.037844272,0.028146141,0.011339911,0.014274779,0.034756022,0.012200155,0.018412463,0.028403349,0.059627018,0.051346532,0.034862487,0.040236676,0.03146718,0.061053992,0.052793749,0.05731027,0.067805986,0.028366157,-0.005496306,0.018066719,0.004451429,0.019634885,0.002766644,0.01168773,-0.004862232,0.003509106,-0.001372584
0.013306038,0.027109308,0.035883979,-0.023836284,-0.029470827,0.026379744,-0.019043161,-0.023544922,0.02141747,0.018205706,0.014005195,-0.024766246,0.012764859,-0.002075441,0.015581628,-0.018423145,-0.003836696,-0.013315619,-0.004176242,-0.059142935,-0.057120599,-0.007023984,0.006934047,0.038259696,0.036786323,-0.031321841,-0.011930911,-0.049907095,-0.00283761,-0.013184351,-0.010911041,0.000507516,0.016786248,0.025955324,0.01265733,0.016813085,0.03116441,0.001260636,0.003324601,0.013664091,-0.000757674,0.013506792,0.016471798,0.017209224,0.02008672,0.008702214,0.021589505,0.020080132,0.000527507,0.020272451,-0.00452664,0.010398798,-0.000486859,-0.008357491,0.008400261,0.004831702,-0.019399026,-0.016631199,0.042956185,-0.001845108
0.028410914,0.018036055,0.011141325,0.00844634,0.029595419,0.032384376,0.005129089,-0.00106963,0.062665797,0.001940716,0.014330624,0.021085635,0.017728975,0.006143591,0.015148569,0.030450872,0.034467889,0.014814646,0.022950426,0.000432885,0.019511122,0.04399185,0.07414466,0.062588437,0.048037441,0.060176971,0.094310235,0.04806834,0.010582774,0.005753465,0.02583216,0.023287696,0.024007697,0.000532683,0.03502367,0.039544063,0.029841003,0.039454794,0.053531974,0.054970226,0.023074452,0.035870127,0.044561654,0.011727143,-0.009783665,0.032024175,0.016032411,0.011574472,0.014299582,0.015834148,0.044958329,0.022439924,0.016733119,0.051176581,0.062485327,0.039658626,0.046669069,0.037362416,0.040624837,0.035614666
0.0000196,0.022831328,0.022872093,0.011115411,0.026357484,0.045037145,0.023573134,-0.002028961,0.039560432,0.025461249,0.016728845,0.021529187,0.043890128,0.055592365,0.028382992,0.030304992,0.031830519,0.019223437,-0.001985512,0.006072849,0.022341812,0.022671176,-0.007046013,-0.023566936,0.004080887,-0.000943443,0.003916055,0.020888882,0.01897074,0.01681844,0.016996297,0.038675748,0.029288625,0.027098525,0.020005529,0.01065431,0.034152504,0.004235363,0.024999094,0.032269148,0.024858332,0.02200004,0.029303261,0.023597244,0.033564535,-0.006023992,0.048446744,0.02959962,0.033407467,0.024976303,0.013680004,0.033048655,0.008850644,0.01446872,0.011829119,0.014405039,0.029199049
0.033087082,0.016763505,0.014544867,0.02453435,0.011433219,0.020317579,0.021113031,-0.007217064,0.017711209,-0.000869311,0.039953533,0.038678608,-0.016857629,0.022796935,0.041129184,-0.022535483,-0.00965117,0.019366621,0.059461079,0.006130372,0.03650429,0.020762051,0.047003699,0.014902941,0.0030374,0.062954245,0.016826844,0.035707554,0.044221012,0.022451178,0.031198141,0.005298002,0.007624286,-0.023000184,0.043622484,0.015784169,0.019892544,0.030392291,0.050265081,0.033137778,0.041343221,0.018629888,0.038695053,0.019819325,0.004293744,0.038176723,0.006351697,-0.004524225,0.021596946,0.034232117,0.015241663,0.014080161,0.049481717,0.017093347,0.05447551,0.027023113
0.03800208,0.03373407,-0.004047691,0.010214071,-0.005861007,0.001216193,0.01647705,0.024832159,0.03012695,-0.010359796,0.0454558,0.018171889,0.019976571,0.049650276,0.035042344,0.013406221,0.034350435,0.052090388,0.025438924,-0.015723536,0.008463648,0.004666811,-0.008182172,-0.006473801,0.012556515,-0.011471138,-0.012419773,0.020959601,0.003781391,0.044149893,-0.022824712,0.01867693,0.040695264,0.003234636,0.008569956,0.003093769,0.022436648,0.01739681,0.010456235,-0.00480838,-0.030994389,0.003038289,0.020941166,0.02362987,0.007759198,0.033936277,0.026900572,0.028037592,-0.00705833,0.026681723,0.023258951,0.024172067,0.015770792,0.051556607,0.012114152,0.004480961,-0.022962335
0.031188024,-0.024523392,-0.00609303,-0.036743786,0.0359176,-0.02439037,-0.048297039,-0.080656043,-0.025211707,-0.015653177,-0.028927464,-0.048630036,-0.009315902,-0.050905749,-0.025644774,-0.028864791,-0.005480635,-0.007808624,-0.051923225,-0.026625193,-0.013669288,-0.041174442,-0.02531903,-0.048707415,-0.055941119,-0.020914146,-0.044411015,-0.018293158,-0.044430531,-0.032273594,-0.050514844,-0.051973547,0.003690459,0.022308764,-0.015383697,-0.05042295,0.004091569,-0.015589987,-0.014716115,-0.021834458,0.003159778,-0.017796448,0.017754122,-0.010621487,-0.023888031,0.011788369,0.025823281,0.048847755,0.0247816,-0.007502362,0.014961343,-0.006319317,-0.027566665,0.006309401,0.006612777,0.012909587,0.000577392
-0.009234937,-0.01343685,0.013036198,0.020790986,-0.024102447,0.031300308,-0.0000638,-0.014677044,0.017973157,0.025029863,-0.012470644,0.020130595,-0.005448846,0.008027787,-0.000171373,0.038137687,0.015256086,0.018276268,0.006062746,-0.000547289,0.032347566,0.0347006,0.028041987,0.000740252,0.019499121,0.029943096,0.025234706,0.034250556,0.023769055,0.004819844,0.017970439,-0.010358565,0.011676532,0.020445705,0.007026794,0.026087704,0.025048409,0.021818454,0.02804623,0.011481829,0.026346191,0.022502374,0.05252023,0.014006799,-0.020219927,0.020976505,0.016992562,-0.001067152,0.02242694,0.00228034,0.00668591,0.023061615,0.051299589,0.018329793,-0.009984644,0.040446368,0.007926266
0.012437392,0.013236668,0.00425993,0.033172902,0.033875096,-0.013445586,0.022888953,-0.000378324,-0.00412634,0.01519487,0.040860278,-0.020291944,-0.00073796,0.010273397,-0.009090042,0.021473461,0.002628981,0.003204738,0.000909308,0.000537037,-0.000273073,0.024993813,0.008454196,0.036674655,0.004484769,0.010763722,0.029163239,0.021586307,-0.026586604,0.000736074,0.001925432,0.040602299,-0.028461188,0.019536931,-0.017442275,-0.070959081,-0.036467232,-0.033440086,0.02002572,0.021593695,-0.017132118,-0.038167818,-0.001302193,-0.009766433,0.020262489,0.012556174,-0.01121119,0.02298703,0.026575246,0.018120135,0.000324056,0.006940734,-0.021722603,-0.027887338,0.015365173,0.016744342,0.023433674
0.04096771,-0.001493375,-0.007042727,-0.003659508,-0.017695523,0.037556503,0.013098654,0.001924395,-0.015149655,0.028415931,0.035805878,-0.006545443,0.05161859,0.018438982,0.031750585,0.031005888,0.030520789,0.010061666,0.042952519,0.017065639,0.051961698,0.009382733,0.020788544,0.021287189,0.025707507,0.042930228,0.058607101,0.005016736,0.013139441,-0.012240325,0.022830549,-0.014266531,0.033348835,0.00123113,0.009104597,0.016840998,0.022964736,0.013816027,0.01101734,0.035517682,0.016077269,0.03153568,0.017995057,0.007257331,0.047483778,-0.001495658,0.032352302,-0.002151011,0.00838716,0.00661213
0.039053149,-0.009728049,0.021204986,0.034240508,0.02806224,0.033212141,0.026680382,0.035176659,0.006888666,0.025888556,0.030527298,0.023434762,-0.001500268,0.012667992,0.004084842,0.016573182,0.035535117,0.02768513,-0.02210498,0.013855625,0.019122097,0.047345794,0.02956857,-0.006435222,0.02928941,0.032966883,0.030223176,0.037403533,0.045621868,0.02619459,0.046134103,0.03766849,0.043754781,0.041725199,0.017839441,0.011757777,0.00491873,0.012928083,0.010555541,0.016061631,0.029951349,0.020208942,-0.014036146,0.002785917,0.003457406,0.04894146,0.017128987,0.046558916,0.008794824,0.046341583
