0.021360732,0.021866168,0.025089112,0.016083726,0.029325753,0.025810204,0.00628538,0.039964398,0.014349033,0.028854945,0.019615766,0.012838828,0.039430024,0.041673328,0.021152469,0.014280609,0.013293186,0.020858963,0.036107607,0.024055096,0.042869256,0.017538849,0.019392696,0.001353653,0.016325392,0.058542155,0.037263982,0.051706174,0.011541563,0.027414436,0.036926025,0.024274236,0.014153342,0.038916925,0.017598611,0.034530078,0.022219807,0.026161982,0.031898315,0.012511735,0.012926454,0.003308463,0.005806098,0.026908434,0.026406592,0.040951874,0.039307404,0.03706334,0.003053085,0.01443443,0.011637785,0.017384495,0.020439672,0.017588489,0.019908623,0.024604421,0.02338868,0.03508925,0.010464372,0.036356031,0.022134152,0.008300701,0.011368122,0.014568282,0.034947414
0.032377774,-0.000818123,0.031549361,0.00448178,0.024990026,0.019016731,0.030151422,0.069615608,0.062212202,0.037726001,0.021318322,0.00317486,0.016086142,0.033027427,0.019839531,0.01063517,0.017163973,0.029921843,-0.005834067,0.002689395,0.058521399,0.00985378,0.012813276,0.040915405,0.094788796,0.040608944,0.019748016,0.011689052,0.031971683,0.055080527,0.030583958,0.037963004,-0.007123736,-0.022604519,-0.04678693,0.032248568,-0.004475115,0.071601278,0.048227688,0.032492319,0.036808243,0.007889921,0.016376597,0.033009149,0.014490759,0.027544153,0.016882559,0.018862071,0.081543024,0.012165055,0.027597844,0.031917975,0.022798518,0.014370205,0.021217172,0.020419072,0.03123281,0.01576361,0.022104776,0.041585878,0.026858773,0.027515683,0.016486397,0.022099056,0.045585109
-0.008535099,0.033171023,0.00014591,0.037786316,0.01812843,0.0152235,0.035767745,0.013583601,0.020858537,0.030252965,0.027867324,0.014366903,0.00510679,0.017015921,0.000261246,0.010160269,0.013352755,0.039670362,-0.00263577,-0.007140314,0.023266088,0.021361488,0.042955725,0.015625312,0.034822489,0.030302544,0.015609249,0.023727486,0.036986208,-0.002968187,0.010327922,0.011008171,0.01359259,0.00525075,0.009311742,0.018347254,0.0173386,0.019530816,0.011800078,0.027292966,0.023010987,0.021158831,0.009927857,0.029914611,0.014611339,0.005598854,-0.00401039,0.030031798,0.035901479,0.036729643,0.018933513,-0.024290154,0.016583477,-0.003328111,0.019337207,-0.006761886,0.021423533,0.009529185,0.024028399,0.027780469,0.016372326,0.020975471,0.056650506,0.017646022,0.02280008
-0.055910886,-0.003261852,-0.002974584,-0.024561223,0.039087374,-0.011601767,0.026043777,0.01202836,0.036123199,0.016490414,-0.007217215,0.010138516,0.01739657,-0.00510031,-0.00215641,0.002595926,0.019663026,-0.020769897,-0.005734025,0.010429155,0.012245728,0.00026095,0.022434399,0.017272537,0.012915545,0.008359307,-0.045920735,0.019379596,0.020961155,0.016016382,0.026932092,-0.01292404,0.020745698,-0.03123636,0.014535116,-0.029771518,0.014779055,-0.000866783,0.023109049,0.034638828,0.016100799,0.016118912,0.03224949,0.014862735,0.033529495,0.029055212,0.028134595,0.021189282,0.012081785,-0.011916675,0.021137361,-0.002617305,0.017532438,0.002003889,0.002644566,-0.014337071,0.018637279,0.061811531,0.003299786,0.000279059,0.009145525,0.026689061,-0.003832777,0.04399873,0.002480673
0.050768996,0.044700189,-0.020891347,0.045498631,0.020541449,0.002721733,-0.00122232,0.01652453,0.006781937,-0.053087254,0.04632529,0.001152348,0.000488093,0.009961073,-0.002176922,0.044743133,0.051122444,0.025667985,0.042556106,0.0000766,-0.039646625,0.029025551,0.025589588,0.021603359,0.028552831,0.02594488,-0.016091347,-0.01924991,0.030026418,0.079709772,0.066686346,0.003334097,0.03608395,0.057688169,-0.013262828,0.046692763,0.03512514,0.044228679,0.019653304,0.0027966,0.020606496,0.037366763,0.019464992,-0.009408805,0.039273721,0.017265673,0.000361854,0.014050044,0.041310924,0.01806326,0.017168466,0.009983545,-0.013831727,0.042461071,-0.003067575,-0.009116858,-0.010127594
0.024398478,0.012734442,0.017498304,0.03391748,0.016417067,-0.023826823,0.042934962,0.025232543,0.053175241,0.017785074,0.031971106,0.020645741,0.029989828,0.041927834,-0.016923955,0.024729449,0.054605379,0.011942711,-0.015272934,0.033042851,0.015490019,0.00431841,0.02160689,0.031620386,-0.002909813,0.016242545,0.024746271,0.041589761,0.00310935,0.020995212,-0.007496042,0.028155404,0.007770003,0.045458702,0.023704074,0.030912091,0.021800962,0.022997258,0.018913901,0.001424606,0.00555934,0.03502073,-0.011069451,0.0119794,0.025291041,0.040420245,0.023866588
0.018142958,-0.003302984,0.009349372,-0.008203333,0.011634028,0.01169277,0.024809629,0.04108922,-0.002959457,-0.009839821,-0.035098007,0.022313476,0.016080811,0.008757889,0.033115441,0.045740337,0.028020042,0.049818009,-0.010627681,0.038386449,0.00574,0.051778137,0.019283947,0.017969961,-0.013138409,0.011168862,0.003324755,0.023275411,0.037657951,0.013278244,-0.000526186,0.006561587,0.039737659,0.015051846,0.021869216,0.016782668,0.022786449,0.011047824,0.011486957,-0.018203704,0.008512717,0.023434827,0.043853073,0.017955757,0.020491468,0.010602099,-0.000270697,0.005614819,0.003798524,0.017752201,0.009729982,0.015862276,-0.013353337,0.029078222,0.00843661,-0.011406187,-0.012666407,0.020197565,-0.011310725,0.004456668,0.043744617,0.023546997,0.013411969,0.002197058,0.018183159
0.027280364,0.01517697,-0.017524168,0.015940859,0.018835016,0.02210864,0.025443232,-0.016590117,0.030301675,0.019918064,0.016249803,0.001847759,-0.006916141,-0.002736332,0.002959987,0.021197786,-0.037898771,0.010788601,0.000724786,0.042937672,-0.008091233,0.022642866,0.050395188,-0.005287378,-0.002535665,-0.004572507,0.017062978,0.025920866,0.018184,0.013246808,0.033817187,0.03685184,0.014171812,0.031323705,0.010770263,0.017952982,0.031963085,0.012319348,0.036465199,0.019117483,-0.003374312,0.018804231,0.018628058,0.029357559,0.004185817,0.021343569,0.011822459,0.020558493,-0.000209484,0.023410089,0.000964747,0.012304393,0.021690134,0.026997914,0.035507022,0.019094048,0.019685203,0.029493883,0.028409016,-0.003727405,0.001887965,0.001696704,0.014214145,0.00123062,0.029207934
-0.01836242,0.024707784,0.03872698,0.047705808,0.016193898,-0.038611786,-0.011969688,0.028210821,0.015242349,-0.002736434,-0.003021891,0.009787121,0.005711864,0.023254761,-0.002581216,0.020124603,0.001680203,0.034612232,0.032129735,0.046520181,-0.002559827,0.0327482,0.01954398,-0.010739754,0.034419456,-0.016850008,0.022397786,0.013004474,0.007567822,-0.050396468,0.041084564,-0.013834439,0.015738968,-0.010918137,0.030870768,-0.000141449,0.021098701,0.003223526,0.038031387,-0.032329982,-0.0347924,0.035640789,0.035226032,-0.003741898,-0.000647526,-0.009473887,0.017211641,0.026062496,-0.012834993,0.039333334,0.030886247,0.044350204,0.017381103,0.018820411,0.034953888,-0.019239234,0.03372022,0.036858306,0.048721059,0.025628563,-0.002961809,-0.016573155,0.054432376,0.036818682,0.021499787
0.030945569,0.006252494,0.019779858,0.014054595,0.042307345,0.012325641,0.039888289,0.031309477,0.029268661,0.025586049,0.025667018,0.050244703,-0.016113122,0.009394872,0.024510749,0.030753837,0.021011973,0.038920109,0.002369654,-0.016890642,0.022410595,0.000472794,-0.008480088,0.039700409,0.027822448,0.01532681,0.042317295,0.013643747,0.018239223,0.041250206,0.04289994,0.03034469,0.026979401,-0.014656311,0.013748397,0.014023707,0.020960725,0.010783547,0.006273796,0.009967832,0.014165027,0.024128657,0.00983867,-0.001616973,0.011138977,0.013984772,-0.013657081,0.030376601,0.042856122,0.018015879,0.04231257,0.031801083,0.000342287,0.002667411,0.010865197,-0.006804757,0.020428322,0.02169753,0.013521451,0.020247054,-0.013164014,0.029150098,0.004958882,-0.006682174,0.009013048
0.038127628,-0.000321895,0.003699721,-0.006421513,-0.026883359,-0.006472573,0.030846416,0.007449154,-0.021508888,0.005633865,0.004590741,0.010904305,0.03213737,-0.027920935,-0.013332671,0.024072707,0.026201386,0.005449132,0.009920563,0.026026339,0.015144309,0.014400363,0.011584745,0.004334905,-0.000507547,0.003081296,-0.02207143,0.018883978,0.004379346,-0.054044902,-0.038249785,-0.022051748,-0.06743953,0.044578987,0.050100437,-0.080793493,-0.094585072,-0.218894865,-0.076023408,0.009121054,-0.161135571,0.039583359,-0.233674449,0.062865822,-0.091451467,-0.089827476,-0.056566936,-0.049533848,-0.028603169,-0.018240169,-0.015570736,0.027658891,0.038454148,-0.042658209,0.042694846,0.081748779,0.070145352,-0.049888033,0.005307898,0.00867278,0.040475397
-0.009503355,0.005625297,-0.034711066,-0.016932109,-0.036810203,-0.002731472,-0.01731816,-0.013744707,-0.013850629,-0.022991834,0.032019003,0.016204337,0.000416228,-0.001642698,0.014313912,0.00342886,-0.045123127,-0.025228359,0.036274779,-0.014641694,0.052470825,0.137120821,0.082414291,-0.042308353,0.030377672,-0.001018262,-0.009297767,0.002183143,0.033356548,-0.030622769,-0.024148951,-0.004603157,0.0416989,0.048781909,0.005159402,-0.006584833,0.024748659,0.026623061,0.013911326,0.002748737,0.024827214,0.011862302,0.021470266,0.015522886,0.01453479,0.033233742,0.029692663,0.031389368,0.019075381,0.005915824,0.012228745,0.0293213,0.038738365,0.041677907,0.000436971,0.005634434,0.034547241,0.03485482,0.031664728,0.020566305,0.022924227,-0.007998953,-0.002085446
0.03542716,-0.006692835,0.032192421,0.017309258,0.017553328,0.012221427,0.010311263,0.019111012,-0.012229732,0.009656118,-0.028699279,0.014062051,0.011944194,0.00727138,0.010997225,0.010696657,0.023388932,-0.004596801,0.031265575,0.023325484,0.016684667,0.009111618,0.039006626,0.041478856,0.035866234,0.037515373,0.014112667,0.007204613,0.025057676,-0.004835251,0.026374032,0.024550735,0.009632989,0.024377695,0.037665284,0.0053458,0.027815581,0.018757143,0.038778621,0.002760231,0.03042455,0.059888935,0.063505577,0.030997777,-0.00304794,0.043464427,0.025069593,0.004279646,0.021385852,-0.005782659,0.03406469,0.045275686,0.018751171,0.049151422,0.045828815,0.006973202,0.031800529,0.02013244,0.113060166,0.048266313,0.015484338,0.049445231,-0.018239332,0.041492408,0.019931432
-0.003323272,0.018554609,0.017930634,0.017959967,0.040909315,0.020004552,0.026477849,0.010275309,0.038774383,0.007055118,-0.006024411,0.007952285,0.009653691,0.004606236,0.022768385,0.004995922,0.024000627,0.014181976,-0.001818899,0.015595381,-0.004663026,-0.023935187,0.01107261,0.015386236,0.0153541,-0.003977917,-0.019403505,-0.000423704,0.012646249,0.011832512,0.011207394,0.013729057,0.0000358,0.008437586,-0.010341611,0.002382147,0.014891661,0.007726485,0.022809383,0.006313505,0.029358716,-0.008448863,-0.024644258,0.008916587,0.009412686,0.00744694,0.015631507,-0.000974959,-0.008149338,-0.007316078,0.009620492,0.030267374,-0.002519044,-0.004190712,0.008676203,0.02766839,0.018294624,0.007321914,0.027117805,0.006004348,0.029165249,0.020530845,0.003431404,0.027069227,0.040090323
0.02021954,0.003356099,0.017618035,0.004071025,0.012015581,0.000749191,-0.03055636,0.043065006,0.02811859,0.026202691,-0.037298212,0.024472913,0.008567459,0.011353309,0.013252098,-0.032517345,-0.011102247,0.022512767,0.00196244,0.002396803,0.015484744,-0.002431152,0.012033326,-0.041194348,0.017863484,0.003991909,-0.00425532,-0.014402874,0.032264561,0.010859752,0.0174363,0.003872998,0.015330262,-0.004798095,0.070891635,0.046681859,0.003646285,0.030710864,0.057604551,-0.00074933,-0.001077812,-0.0000549,0.020033798,0.010915612,0.033990029,0.017195435,0.030129741,0.024092182,0.01713137,0.016521913,0.014569174,0.02936709,0.012527358,0.034346619,0.008916238,0.020276714,0.040052706,0.003386028,0.043619944,-0.000578203,0.037252779,0.025491081,0.01853761,0.025486105,0.023414896
0.001079792,-0.003214909,0.020452908,0.027191066,0.028595762,0.04156336,0.014030753,0.018398678,0.005790105,0.011585782,0.022324943,0.013807546,0.020748338,-0.011487504,0.023026843,0.021597304,0.030631556,0.042780393,0.045716925,0.008445039,0.026879587,-0.016073702,-0.012137928,0.004076256,-0.041853534,0.023131288,-0.014624777,-0.026582294,-0.015169095,0.03029994,0.007388841,-0.014232851,-0.008528033,0.04599784,-0.001623973,0.014398564,0.019387469,0.040696541,-0.002548445,-0.025831209,-0.008147811,0.013830594,-0.002350985,-0.007386974,0.006300425,-0.00630322,0.011272074,-0.002884077,-0.012971542,-0.014940795,0.012743594,-0.035525951,0.039146765,-0.010572074,0.036511174,0.024259773,0.014203716,0.004106056,-0.013102661,0.002312001,0.075047179,0.058038905,-0.037498064,0.004322767,0.025382937
0.021822494,0.010548304,0.045717568,0.047240514,0.056981991,-0.007479934,0.023888424,0.038704966,-0.018694409,0.035327461,0.007977654,0.03753451,0.013388075,-0.010723184,-0.024711274,0.034728768,0.030715222,0.043717426,0.03105846,-0.001340668,0.012444095,0.012059879,0.017376915,0.026614048,0.027800746,0.021903356,0.035748231,0.04532218,0.026471948,0.040557857,-0.003668311,-0.006866408,0.012928024,0.02713466,0.01681538,0.033259219,0.017505081,0.028371569,0.046768308,0.038827488,0.004162414,0.017430027,0.015346285,0.0106469,0.020758418,0.010384166,0.004320668,0.004052428,0.004243238,0.00914963,0.037269437,0.020343058,0.007525606,0.034153823,0.006241544,0.027227396,0.014031017,0.020948478,0.031055144,0.002618005,0.016238669,0.006550158,-0.003719694,0.02572456,0.031261166
0.022928539,-0.000609451,0.025711298,0.014755196,0.029876347,0.016251402,-0.010532686,0.006605694,0.010062144,0.028942016,0.003135034,0.022786559,-0.007155615,0.006630848,0.041637313,0.078601569,-0.040570653,0.01989357,0.040298452,0.033636043,0.002843462,0.02153514,0.031933539,0.004967952,0.045827124,0.024843501,0.02196894,0.005041894,0.050120543,0.04405922,0.011491244,0.046362105,0.051479504,0.02449793,0.002683876,0.01191726,-0.004664872,0.009771594,0.013542638,0.023564658,0.020241218,0.00847387,-0.000249687,0.012104475,0.031214638,0.000272845,0.009921516,0.027383135,0.005482239,0.017858403,0.021643286,0.033251283,0.023340646,-0.000769293,0.010665092,0.012861972,0.02632338,0.025301309,0.018349841,0.031092228,0.0244665,0.022222124,0.018952853,0.006305823,0.018870016
0.00281923,0.008658449,0.005620539,0.007964878,0.025537469,-0.006680654,-0.028764022,0.012964329,0.039868807,0.034412247,0.026267752,0.055074165,0.019363632,0.05007699,0.042580367,0.039946422,0.002615585,0.047846277,0.034880561,0.044283572,-0.003403327,0.037666407,0.018242664,-0.003854004,0.03466154,0.02496516,0.049368262,0.023201263,0.034187117,0.0338681,0.038325024,0.042926311,0.014899207,-0.012344753,0.024419505,-0.001602742,0.025696762,0.005926975,0.024697958,-0.006329919,0.005972272,0.029179927,0.014960691,0.023612473,0.031174925,0.017067723,0.027170254,0.050567191,0.002437359,0.004669999,0.002191279,0.035510088,0.016324642,0.040517488,0.024350897,0.041151698,0.011832096,0.020449632,0.028157423,0.00206939,0.010856457,0.04347117,0.005249335,0.011160478,0.042444834
0.023286265,-0.006327434,0.012922965,-0.0101229,0.012356576,0.023090319,0.023183539,0.017621389,0.011940733,-0.001017501,-0.018974906,0.019413078,-0.009342145,0.007739196,-0.038967744,-0.011451277,-0.004385777,-0.025530064,0.008487988,0.040372674,0.018441152,0.019006892,0.04502691,0.009621624,-0.003867618,0.023085317,0.026414233,0.009387573,0.02531263,0.034798653,0.046888113,0.021170766,0.016707888,0.019483683,0.007745915,0.006629511,0.048145589,0.036674051,0.041831737,0.043391556,0.020959513,0.031061796,0.02056413,0.023695564,0.012777694,0.032217396,0.021329437,0.005005311,0.014082728,0.025210271,0.022441564,-0.019247788,0.016427968,-0.002365546
-0.005845011,0.009692341,0.013500643,0.004292138,-0.009294827,-0.007961934,-0.002786482,0.006622028,0.001468634,-0.0043283,-0.004740649,0.005971374,0.016391307,-0.006846981,-0.00631933,0.007532966,0.031365138,-0.008130111,0.004849803,-0.019431754,0.016925137,-0.012486344,0.011343403,-0.005572909,-0.010322111,-0.005740896,-0.010012926,0.005561756,0.023780488,0.021683938,-0.002190843,0.026177521,0.013606733,0.030858316,0.020543671,0.018955945,0.003107392,0.029860027,0.003840026,0.017450628,0.026844032,0.024525105,0.015194709,0.025680555,0.020300946,-0.00267631,-0.023342158,0.010039181,0.027213106,0.003583195,0.013034564,0.01479681,0.012306047,0.039769857
0.018131895,0.012021377,0.025417181,-0.009837437,0.027122482,0.012389465,0.020996884,-0.014226071,0.012796415,0.010799595,0.011658015,0.010710697,0.002956032,0.004838902,0.014809526,0.025843502,-0.01337341,0.010261769,0.008470361,0.020966499,0.030756528,0.012658692,-0.001206486,0.055256896,0.01384021,0.031082019,0.010557207,-0.007187475,0.017512832,0.035424511,0.038738171,0.011708509,-0.003891261,0.012527156,0.015421812,-0.00735643,0.018481688,0.030952814,0.005415983,0.014148156,0.034074029,0.00876488,-0.005707217,0.01339639,0.012180122,0.016455949,0.02575861,0.000526741,-0.029975084,0.018046743,0.021510239,0.022934308,-0.00066606,-0.002671498
-0.000970824,0.024072705,0.036638287,0.012732054,0.017771002,-0.004163121,0.035888253,0.035759733,0.034301395,0.017144358,0.016034952,0.018397253,0.019378086,0.00476525,0.031762992,0.031829512,0.00984822,0.043281724,0.004786653,0.005015884,0.030137025,-0.000678185,0.026441092,0.026929766,0.026297666,-0.001201558,0.009443413,0.008379155,0.029246757,-0.004810138,-0.001199312,-0.003471663,0.017321323,0.02389693,0.013628153,-0.002482391,0.018874132,0.03008905,0.01207535,0.006189348,0.021662479,0.01221471,0.004920687,0.013243407,0.018387227,0.034749821,0.011969975,0.036870217,0.013686429,0.019111876,0.026350849,0.014112204,0.016355799,0.017673741
0.013260191,0.0008256,0.031135878,0.021617794,0.007344902,0.008580411,0.038005082,0.022372152,0.033733584,0.009158543,0.025888228,0.024893956,0.031951964,0.035598824,0.005633478,0.022461266,0.026654387,0.018418256,0.023896566,0.019823425,0.013592719,0.024703735,0.012656555,0.028852347,0.03239087,0.023666954,0.012411835,0.01539901,0.013748431,0.023363844,0.027340074,0.011839851,0.023205768,0.042980548,0.00731858,0.022991297,0.008370831,0.018430496,0.028931811,0.018136158,0.011129727,0.026909748,0.006443954,0.011132536,0.009564839,0.034703839,0.001113155,0.021380327,0.027398046,0.021601883,0.039674974,0.00728311,0.028648297
0.019247606,0.013762645,0.004166844,0.022436643,0.005861933,0.029306474,0.02185735,0.010410541,0.01821066,0.013977337,0.003711173,0.00328268,0.003618551,0.013223223,0.024264002,0.015295936,0.015205305,0.023526848,0.024301397,0.023803378,0.017171001,0.013646914,0.015321034,0.024044811,0.041294649,0.035442684,0.009748399,0.019828116,0.009639888,0.080414504,0.028808774,0.006437861,-0.003235278,0.024459722,-0.015423783,0.026312069,0.031734414,0.01292336,0.010700125,0.010497222,0.015403155,0.023435939,0.015753446,0.017348008,0.024696957,0.012016266,0.01224452,0.011428241,-0.000947467,0.031625132,0.005857368,0.005857368
0.021914801,0.020962044,0.020418604,0.006013521,0.015224764,0.022633958,0.008992177,0.019919391,0.017275592,0.012555403,0.0248186,0.0169438,0.016330551,0.031664306,0.007528352,0.018389071,0.00436682,0.020380109,0.025479505,0.015974641,0.030873017,0.004012394,0.012137046,-0.000368832,0.010369242,0.029098793,0.01046813,0.01917049,0.023856047,0.019715867,0.021242206,-0.000360119,-0.00709988,0.0495917,0.00526172,0.034628968,0.003036873,0.022756347,-0.006783931,-0.017239723,0.024084978,0.002768676,0.006117407,0.003899507,0.014870568,0.045489266,0.020255451,0.016680184,0.02785182,0.028080247,0.031108448,0.039189895,0.006323145
-0.004437064,0.02263475,-0.001057644,0.021170202,0.016227765,0.007277107,0.013942477,0.02105712,0.017109718,0.033420156,0.033008336,0.019573482,0.019711969,0.014163627,0.021443601,0.009291241,0.034115525,0.018609247,0.007491229,0.004006152,-0.023513137,0.01596181,-0.006257471,0.022596896,0.012120808,0.006587353,-0.008083534,0.002574052,0.002049749,0.025707088,-0.029447498,-0.00986191,-0.002388509,0.018091828,-0.006532742,-0.02108454,0.028526684,0.025401831,0.017805144,0.026528789,0.035156898,0.025478788,0.009234246,0.004327027,0.022059388,0.031129201,0.023993193,0.003677245,0.011977767,-0.005107079,0.04505471,0.036213911,-0.015030715,0.001534929,0.021834212,0.015559605,0.000138766,0.013347326,0.013949774,0.00732516,0.002402704,-0.016144042,0.003513756,0.016938391,0.003796954
0.001878703,0.013059759,0.007275729,0.009578585,0.012813721,0.040227834,0.014118221,0.004430055,0.018510124,0.019320203,0.019659419,0.005382345,0.028919191,0.01311713,0.051363902,0.000696166,0.007426614,-0.0023263,0.030971329,0.046938977,0.036494131,0.029910568,0.021934986,0.022489427,0.016135042,0.022514579,0.007913445,0.017641885,0.032136912,0.033302343,0.015322627,0.010014306,0.0149143,0.015977368,0.009107204,0.004702733,0.021963487,0.026624517,0.009681671,0.007368617,0.0000138,-0.005529343,0.022148574,0.021120232,0.005696365,0.002115007,0.012736703,0.018779643,-0.006799492,0.015896229,0.001941294,0.013451812,-0.006164902,0.030209803,0.016581164,0.015982253,0.01768468,0.020925599,0.021886075,0.0133008,-0.011719383,0.002558846,0.016485414,0.005819499,0.014252809
0.011374037,0.003371608,0.030320033,0.024196596,0.033256786,0.045384287,0.003709984,0.008749794,0.011169981,0.022427479,0.018949768,0.021182774,0.029192531,0.032352804,0.023169267,0.0490264,0.040123882,0.010394104,0.015724581,0.034258439,0.014835399,-0.0082799,0.012247336,0.060356148,0.054852323,0.040933356,0.047245392,0.022816651,0.016165238,0.028728738,-0.000657305,0.005153755,0.050082364,-0.001880755,-0.007791347,0.011640626,0.023677855,0.010283508,0.014919909,0.001904983,0.011803993,-0.006912984,0.034808102,0.033013217,0.033467995,0.009139651,-0.009873629,-0.001718569,0.010337555,0.029141638,0.019424273,-0.019627669,-0.013492102,-0.010122871,0.026683272,-0.00294781,0.005460665,0.037878574,0.052030203,0.028639667,0.011574438,0.026790018,-0.004230326,0.012792571,-0.000527268
0.041790226,0.023586202,0.023513822,0.010484211,0.024725128,-0.007460977,0.028422141,0.009623099,0.013152025,0.010284676,0.017112639,0.012802877,0.024207372,0.026329426,0.019754811,0.023289333,0.035475215,0.036849495,0.025681807,0.020984428,0.005836441,0.034029032,0.013706827,0.011271365,0.019472977,0.044251493,0.031203797,-0.012637113,0.004340157,0.039597255,-0.021097837,-0.008437918,0.018143525,0.01665335,0.014405585,0.058638828,0.001455101,0.041648847,-0.020374674,-0.010977572,0.002539424,0.004379776,0.030815689,0.002084396,0.029735262,0.023291525,0.025383045,0.004715819,0.009383835,-0.002143495,0.005348341,0.029727314,0.00163451,0.028955281,0.02220735,0.018794995,-0.001938626,0.038226068,0.025040919,0.046653277,0.003799945,0.020328178,-0.001834773,0.006489841,0.035733077
0.016517371,0.05181289,0.004839,-0.016053899,0.007347559,0.003007724,0.023086751,0.035622951,0.01599846,0.020074909,0.031577446,0.008358227,0.001529007,-0.001218999,0.028649188,-0.006641746,0.012541839,0.024542462,0.004434853,0.033566805,0.023202213,-0.006140136,-0.002084671,0.027029294,0.028465951,0.002360802,0.003696811,0.017539586,0.016863213,0.014552426,0.029544689,-0.00189635,0.023766255,0.040874381,0.048105169,0.025499183,0.014939415,0.026759558,0.029235279,0.042237711,0.017515644,0.030594291,0.031373135,0.030000339,0.017283045,0.021828127,0.011339104,0.025344671,0.03635696,0.036844311,0.040445822,0.034654593,0.042796055,0.032428504,0.01806871,0.008734555,0.044931458,0.011252929,0.01913324,0.012300137,0.015706656,0.02622874,0.02859674,-0.008291365,-0.002079696
0.032138688,0.059796798,0.032349073,0.005252617,0.02108528,0.009019999,0.016137326,-0.000195735,-0.026669037,0.023037927,-0.007329255,0.017246764,0.007886562,-0.010070319,-0.01391856,0.012630456,0.039596816,0.013443405,-0.001029352,0.009336876,-0.009770941,0.024481734,0.044614303,0.023960073,0.002903151,0.023193434,-0.002014308,0.015609619,0.090002718,0.02559569,0.050180224,0.050147799,0.067798681,-0.012443124,-0.039936377,-0.082133671,0.062622223,0.088315848,0.097386146,0.092641725,0.087564636,0.087487458,-0.040791577,-0.032836447,-0.011915559,0.067662474,0.033750757,0.017763539,-0.044484929,0.022325773,0.008127784,0.028582165,0.005122941,-0.02086386,0.009361915,-0.003679504,0.037182479,0.012026494,0.011839823,0.007765092,0.030733349,0.004798473,0.012491486,0.029603111,0.014594369
-0.121529587,-0.07583877,-0.091033757,-0.076570293,-0.069426608,-0.092615314,-0.093684794,-0.093348514,-0.040620316,-0.055052693,-0.060403194,-0.06739172,-0.084342457,-0.118701474,-0.126105242,-0.117975823,-0.140007928,-0.108426935,-0.108639001,-0.121208006,-0.000333116,-0.01324784,-0.012072707,-0.018321563,-0.123241234,-0.130863167,-0.044713829,-0.064213874,0.002079182,-0.002624582,-0.062366255,0.009071056,0.019664051,0.007730081,0.031654292,0.041457119,0.013103115,0.015561887,0.016557402,0.001581288,0.037133319,0.025900671,0.029855676,0.022649823,0.051719584,0.057549754,0.022781423,0.035433571,0.003531738,0.017291543,0.001214686,0.00764729,-0.019766229,0.064736616,0.034461143,0.035867023,0.080178439,0.062745326,0.008002159,0.016111135,0.024002777,-0.002879507,0.01076731,0.012304429
-0.003226296,0.002313077,-0.025282975,-0.022924999,0.004883675,0.005496967,0.013376156,0.008119586,0.010551475,0.029699905,0.030448205,0.020859123,0.022580375,0.016818206,0.019101659,0.006185572,-0.000541514,0.035566466,0.046212835,0.03344788,0.015763404,0.039916676,0.01985776,0.028668625,0.002164992,0.00911096,0.016538794,0.005857665,0.029718816,0.016865442,0.045538365,0.022716553,0.033732485,0.011279601,0.025444434,0.022058888,0.030267931,0.018529159,0.036468632,0.016170127,0.016111791,0.019847752,0.02607381,-0.002145562,0.000280138,0.021253236,-0.005794563,-0.038388301,0.025722988,-0.018564686,-0.013262274,0.030620407,0.003742397,0.041046592,-0.010842945,0.020832168,0.027808164,0.007012312,0.016533533,0.052140193,0.032613808,0.026436796,0.046339825
0.095651907,0.100824895,0.026606566,-0.012130463,-0.031733042,0.02640071,-0.020888229,0.002298508,-0.27088619,-0.017076676,-0.018773594,-0.064816417,0.042263457,0.046582053,0.053359047,0.061479252,-0.012040137,-0.025979652,-0.021454408,-0.025459881,-0.205596248,-0.185945755,-0.207658506,-0.202334047,-0.189955837,-0.215676086,-0.163468536,0.152088045,0.154185689,0.130399209,-0.24409922,0.115068175,0.075459312,0.063080511,0.084819113,-0.102173777,-0.080116841,0.082499973,0.069850857,0.08383,0.072401167,-0.095063706,0.082570659,0.093146611,0.097476587,0.13616525,-0.130365305,0.116688172,0.106222188,0.192327897,0.13078563,0.136677676,0.083850742,-0.132722957,0.109239391,0.166603342,0.075890514,0.10146424,0.126739756,-0.100307959,-0.000376185,0.073633922,0.090718424,0.030885082
-0.037308219,-0.043945478,-0.051522296,0.014082724,0.018949312,0.034229457,0.000699897,0.006570603,0.007671483,-0.003927056,0.014270514,0.005524879,0.007548236,-0.046207631,-0.020694949,0.004521386,0.059097738,0.019492316,-0.004701622,0.009374004,0.020711475,0.006534327,-0.012419025,-0.052695341,-0.06778168,-0.074880382,-0.03506628,-0.03719557,-0.017760688,0.00498986,-0.028603533,-0.000675119,-0.006943997,-0.056521347,-0.032370238,-0.010330878,-0.058714016,0.0024336,-0.003563287,0.007485006,0.040731705,0.007337811,-0.000115784,0.002957552,0.021733033,0.01170713,0.021942021,-0.007069376,-0.040477603,-0.011211243,0.013802818,0.010390034,-0.012055177,0.005437918,-0.005310783,-0.007545705,0.01630628,0.020185567,0.015120756,0.014324311,-0.010742489,-0.008423386,0.011006291,0.032806225,0.033655206
-0.005953548,-0.004726831,0.01396722,0.037855959,0.032723562,0.037864734,-0.010081791,-0.024476731,-0.001264665,0.024181751,0.017991636,-0.001064636,0.00189507,-0.012901456,0.021323516,-0.020408462,0.028666999,0.017143695,0.02314482,0.032004821,0.020114081,-0.027583057,0.043461763,0.017409192,0.039904777,0.022999378,0.045702595,0.013954732,0.008828579,0.021423712,0.055293762,-0.018885621,0.02285744,0.008447985,0.006751783,0.020582373,0.017064613,0.011904701,-0.003374451,-0.017477393,-0.002598355,0.000671064,-0.005361671
0.045868478,0.024107701,0.002540786,0.041230656,0.013294738,0.01913878,-0.024893963,0.039514644,0.037771294,-0.018175702,0.016468369,0.004331928,-0.023921091,0.015402267,0.023842464,0.022617858,0.039056605,0.025387902,-0.0000946,0.024419221,0.008961313,0.0211611,0.030397214,0.002929839,0.004747587,0.031268131,0.000664739,-0.040188174,0.023099056,0.013987387,0.037609737,0.006377944,0.015888074,0.005106392,0.041451437,0.017933059,0.029141451,-0.013332214,-0.007279497,-0.00864191,0.006147047,-0.010893951,0.02390966
0.024488029,0.046071874,0.06900574,0.031996926,0.013763509,0.011648326,0.013613966,0.018040552,0.034511328,0.006244919,0.012442114,0.013800566,-0.002370115,0.038989598,0.058782336,0.026053089,0.006064879,0.039862339,0.001487095,-0.015794911,0.042291348,-0.00085658,0.036250264,0.039610012,0.035100168,0.02776111,0.047366014,0.055368162,0.075136967,0.016427897,0.052514974,0.027102193,0.011570851,0.020951655,0.007622461,0.043688653,0.04530064,-0.00912629,0.034975521,-0.017319299,0.055028818,0.041921178,0.020021105
0.073524206,0.057008851,0.077347928,0.025683666,0.031829921,0.035569723,0.029315697,0.037923789,0.031389387,-0.026068272,-0.001934363,0.015359725,0.022778543,0.009262482,0.028496965,-0.010008668,0.017523979,-0.005144905,0.010770908,0.045931566,-0.043156555,-0.001883186,0.051997325,-0.038857021,-0.040986553,0.157813723,-0.05726364,-0.062567791,-0.03478233,-0.020833792,0.014800941,0.050523099,-0.015367915,-0.038385725,-0.013495088,-0.077753285,-0.040500166,-0.046353609,-0.043319484,0.004628275,-0.078245215,-0.081908438,0.130243091
-0.01346656,-0.046567794,0.01185158,-0.005451451,0.0223716,0.010186986,0.025579386,0.026854176,0.040145097,0.038962863,0.065398121,0.033370933,0.066269954,0.002300582,-0.013203523,0.037167191,0.033603651,0.011508042,0.020016485,0.013618107,0.021997174,0.041531834,0.004255668,0.032900454,0.017029736,0.044624101,0.051219151,0.03850101,0.033558323,0.044127652,0.031713098,-0.0051822,0.011321701,0.06941409,0.077588144,-0.043204459,0.070049316,0.084063608,0.002248025,0.01740304,0.053222128,0.054825822
0.006973993,0.025338381,0.001408028,-0.021790516,-0.007745445,0.014203403,-0.01095359,-0.000593325,-0.028015762,-0.031579648,-0.006595992,-0.020683241,-0.005693413,-0.010252534,-0.016321018,0.013437668,-0.010996723,0.000149632,-0.023587751,0.016472394,0.035087273,0.051130369,0.031808486,0.044574049,0.010727554,0.000197836,0.009138116,-0.004220578,0.011081564,0.016981809,0.012918645,0.010090567,0.036410612,0.013796668,0.019405042,0.009027114,0.029125179,0.0208683,0.046267984,0.036451292,0.015453799,0.03930666,0.065527166,0.032949751
0.03936505,0.019587035,0.034057601,0.018403992,0.029130201,0.037298567,0.080225428,0.046357856,0.049585959,0.063922718,0.035869566,0.044125392,0.036848827,0.03634026,0.035932911,0.06979133,0.020126782,-0.007860973,0.005439594,0.005550407,0.034860507,0.021754574,0.050694124,0.094187945,0.095192969,0.082333021,0.078151573,0.086443834,0.076525981,0.023675802,0.03946472,0.050423733,0.016760852,0.026704823,0.066808436,0.020907512,0.052960137,0.024813359,0.018830544,0.024813961,0.061780875,0.044877153,0.016281495,0.030231177
0.029482316,0.018958309,0.039011385,0.003274993,0.018370722,0.078997025,0.028005605,0.088299122,0.026722326,0.024871448,0.015155672,0.022576194,0.043238759,-0.002413504,0.034033999,0.033232461,0.032413737,0.044758048,0.066792991,0.064819625,0.030849306,0.004444609,0.025809185,0.045375012,-0.013615229,0.029426215,0.036809225,0.014433369,0.055711151,0.028212391,0.045542447,0.022220822,0.037421991,0.017009843,0.042274814,0.047526742,0.031401533,-0.024225245,0.031475303,0.022989804,0.033990388,0.027443451,0.001409178,-0.005368148
0.020311107,0.020490285,-0.004853911,-0.018750876,0.018539207,0.029155223,-0.001185888,0.000968588,0.019008418,0.009336296,0.00369395,0.012923158,0.02168792,0.012923165,0.013966284,0.021248174,0.036151737,-0.004710033,0.02202855,-0.022579401,-0.000238058,0.028083563,0.005645302,0.021386218,0.031764089,0.023019899,0.03201686,0.025206481,0.001624755,0.01560846,-0.00354809,0.009683225,0.006736199,-0.001812919,0.042749,-0.0096823,0.0000106,0.030408278,0.005954886,0.003554566,0.022000203,0.074265774,0.040532054,0.012236707
0.03920677,0.046057658,0.003610279,0.000507717,0.007714377,0.006491601,0.015199899,0.003901695,0.002110945,0.02768262,0.005319709,-0.01481663,0.009767115,0.04413896,-0.001210017,0.030186349,0.018192505,0.006241083
0.036370113,0.024807772,0.017564415,-0.019647926,-0.021646111,0.021397943,-0.036208722,-0.003413643,0.030256652,0.014301734,0.030478079,0.021760911,0.021886785,0.003596988,0.024341149,0.029959779,0.027342
0.015731997,0.019984686,0.003252788,0.007227552,0.024280484,0.02794416,0.022539324,0.023635604,0.016569932,-0.002407153,0.013767229,0.020187964,0.008129564,0.0249589,0.007073308,0.005461488,0.034639064,0.013905761
0.066410867,0.052054848,0.010282998,0.052364389,0.010532394,0.04550183,0.003774863,0.01704826,0.038602677,-0.006326744,0.015299995,0.021738803,0.029013633,0.049082439,-0.002687375,-0.008156439,0.028140944
0.039335126,0.008785701,-0.001068338,0.014727995,0.02433006,0.016724497,-0.004339984,-0.006901323,-0.009640181,0.017994095,0.033330112,0.04436476,0.005335238,-0.003622869,0.004202551,0.03283446,0.044181133,0.024250847
0.003700526,0.017208512,0.016918958,0.00469162,0.025334938,0.022192606,0.008730499,0.014248188,0.021202358,0.008909963,0.020475803,0.023742736,0.00139171,0.037270504,0.005159761,0.004631555,0.003527595,0.01251408
0.005095363,0.043935434,0.02546867,0.036503696,0.028844358,0.015495714,0.053667501,0.01758938,0.031177262,0.047998513,0.031198637,0.00998236,-0.006477528,-0.008517769,0.019701891,-0.009221594,0.041787805,0.036891873
0.021240637,0.004429487,0.032196346,0.014070904,0.038774458,0.009164694,0.029855606,0.004886129,0.028616909,0.018468075,0.002688401,0.014713756,-0.007124126,0.002050604,-0.017385578,0.00272489,0.006243972,0.015561134
0.017701689,0.051336464,0.022926962,0.070378335,0.025071997,0.032637081,0.023081366,0.007985685,0.050527932,0.052873592,0.031664274,0.06810183,0.070448851,0.066251687,0.00568252,0.021648749,0.018440999,0.025286075
0.001963211,0.003553801,0.018861186,0.031834359,0.036280668,0.01708019,0.009938752,-0.002344922,0.010228243,0.012306194,-0.004776322,0.004923005,-0.002444046,0.023823334,0.015024377,0.022120903,0.047284901,0.002741821,0.001247361,-0.006938097,0.007080491,-0.004393038,0.0000361,0.014173987,-0.027852093,0.001119853,-0.002370725,-0.007868329,-0.023669873,0.004408487,-0.002421483,-0.021316855,-0.026580151,-0.029496921,-0.034763652,0.037433574,0.015648705,0.008024054,-0.002794045,0.01567618,0.002961416,-0.012448363,-0.01294434,0.000711903,0.023655117,0.033434268,0.017431101,0.0000736,0.023967452,0.03402212,-0.016214895,0.023760138,-0.010211097,0.010653978,0.016375023,0.026092331,0.029899762,-0.000575634,-0.015463396,-0.038535835
-0.004201716,-0.033321343,-0.027389241,-0.001695603,-0.029176052,-0.000260146,-0.001415837,-0.000213893,-0.002537147,0.002858523,-0.001798621,-0.016483718,-0.006761222,0.006403985,-0.004898037,0.015711782,0.000325956,0.017397478,0.019747187,0.022924493,0.014439923,-0.049352169,-0.002290395,-0.001546126,0.02625715,-0.037134265,-0.006534034,0.016406926,0.007109935,-0.019609368,-0.003053763,-0.017351747,-0.028096948,0.00143018,-0.035530971,-0.052275906,-0.041717573,-0.000928222,-0.035875132,-0.050621378,0.007862375,-0.021672557,-0.019522234,-0.067586537,-0.071333978,-0.032474722,-0.055820837,-0.028003392,-0.065431709,-0.067824346,-0.039870967,-0.09682485,-0.066367394,0.003474042,-0.048428711,-0.094828754,-0.091979979,-0.091526579,-0.062192378,-0.021722043
-0.006984327,0.025539461,0.005529674,-0.007370836,0.016785001,0.038509711,0.003369373,0.005047106,0.025244506,0.022311992,0.021370727,0.032276711,0.012346335,0.02776775,0.040170753,0.044779587,-0.014315922,-0.005540355,-0.016183302,0.03172551,0.012079077,0.007135167,-0.004316983,0.007018434,0.008893865,-0.001448815,0.013478756,0.061604724,-0.021470987,-0.02192387,0.010276015,-0.000992472,0.03677291,0.008628925,0.040902421,0.01405775,0.068434249,0.015976606,-0.045950728,0.02744057,-0.002272703,0.069203928,-0.00975888,-0.019191031,0.020058096,-0.014751113,-0.004679552,0.04568354,-0.042805021,0.010865666,-0.009927533,0.022099179,-0.003502392,-0.006861475,0.038458721,0.007651626,0.008660148,0.022719516,0.035757467,0.030503012
0.011156235,0.00021657,-0.0000147,0.013301157,0.009475627,0.01842174,0.011767657,0.013686318,0.002408877,0.014866766,0.034568592,0.016360182,0.010005547,0.023343474,0.002182926,0.008750031,0.009147411,0.018579073,0.025498136,0.003544105,-0.009946761,0.004901302,0.019339731,-0.0172394,0.019072772,0.010863433,-0.000800045,0.014728907,0.002946776,0.001921209,0.014817328,0.018215258,0.015440255,0.036165812,0.008193662,0.012321441,0.01948446,0.017524237,0.020663517,0.019550381,0.01151752,0.000733881,0.021789164,0.026046026,0.010201516,0.02049461,0.024484791,0.010022937,0.029402387,0.033374998,0.028240427,0.016870723,0.019144535,0.021849415,0.011605404,0.028500216,0.006136844,0.022688327,0.010998062,-0.004666755
-0.06775044,0.015402495,-0.011601711,0.064415536,0.059904104,-0.031752674,-0.001137531,-0.023256576,-0.032037171,0.014374063,0.039108328,0.03455541,0.064721252,0.016217545,-0.01558686,0.038829773,-0.002788903,0.061111934,0.014625726,0.028420708,0.022989002,0.040617155,0.033082411,-0.00273449,-0.002184079,0.012537259,0.051216226,0.013977636,0.025862848,0.049812969,0.06007345,0.067756708,0.069867669,0.049734684,0.013018871,0.008530884,0.036920229,0.100903769,0.017831867,0.083906949,0.044586277,0.044249513,0.017175184,0.018341146,0.037080733,0.039052803,0.039760907,0.000669163,0.047483874,0.036362947,-0.025310892,0.006434164,0.051594676,0.047456286,0.02104205,0.009599732,-0.000078,-0.025770373,-0.014142607,0.033095662
0.029901713,0.018523589,0.027682794,0.044420158,0.021214947,0.029379639,0.024227255,0.036130808,0.018898202,0.009908112,0.005929804,0.032272377,0.033845954,0.034325033,0.03912955,0.029183742,0.042517535,0.02146114,0.030375873,0.032417217,0.016551049,0.027716067,0.028639653,0.03030454,0.026904115,0.036163719,0.034657817,0.03434954,0.045810712,0.012970324,0.027896667,0.045481776,0.047433175,0.060336616,0.01865651,0.043650976,0.013237796,0.028427897,0.0424061,0.037314941,0.009370157,0.029794342,0.051728879,0.003901091,-0.004249018,0.025927434,0.030100124,0.000887866,-0.01360691,0.012670362,0.05697728,0.032200851,0.033419644,0.021099322,0.044996427,0.053458977,0.022368956,0.022573724,0.028909966,0.042192864
0.017074947,0.003701782,-0.007182882,0.00635454,0.001884063,0.015932161,-0.032206717,-0.00029335,0.010191822,0.023902571,0.014371257,-0.006544582,0.028297759,-0.005969816,0.006525956,-0.017328575,0.01728993,0.028055294,0.006700704,0.00363945,0.022784375,-0.005485803,-0.009920269,0.007988476,0.007589273,-0.000198898,0.006475975,-0.004011201,0.01532346,0.01522839,-0.00057892,-0.008114799,0.009950968,0.010352226,-0.023104163,-0.018663431,0.017390908,-0.026111365,-0.019012664,-0.029015882,-0.028922781,0.006612304,0.00582458,0.018978519,0.004964038,-0.000969503,-0.000236846,0.024919061,0.016128519,-0.024544558,-0.000310329,-0.022459814,0.003872884,0.002853205,-0.000557336,0.015531569,0.008609636,-0.000864035,0.007458534,0.006429914
0.007758606,0.022239611,0.003356969,-0.001218317,-0.009258095,-0.016055393,0.001629782,0.011340736,0.01742143,0.025474296,0.014445237,0.033422821,0.039210702,0.03997596,0.033490672,-0.005634535,0.029257084,0.022009926,-0.029527792,0.018202051,0.015499296,0.014555035,0.026025204,-0.005730588,-0.01090113,0.01390516,0.017791644,0.002513976,0.014518502,-0.001119039,0.029860171,0.003169243,-0.024789643,0.02482298,0.006465793,0.017521701,0.001107542,-0.007027131,0.030083044,0.010455158,0.022227662,0.003871195,0.006859891,0.035373058,0.02477074,-0.057821957,0.0114309,-0.001012356,0.034043148,0.002843709,0.012226232,0.029489521,0.012246932,0.007830954,0.010928822,0.019343899,0.020571722,0.018796577,0.004118379,0.00827256
0.018357382,0.010699073,0.01606941,0.028636179,0.019205163,0.007531869,0.016262189,0.009667667,0.020207444,0.01269328,0.01363479,0.023721981,-0.023854285,0.038234999,-0.022228189,0.011532346,-0.016588652,0.007243753,0.012007528,0.000317411,-0.017169368,0.002948207,0.011437622,-0.013154914,0.016075399,-0.008689949,-0.001917971,0.001045762,-0.004165917,0.024014342,0.041663161,0.056119056,0.042353781,0.038540528,-0.025848028,0.002002922,0.017016319,0.014668007,0.038003877,0.006434997,-0.02840877,0.011119428,0.052521443,0.012407623,-0.008968467,0.051849558,0.048211184,0.064066522,0.046726174,0.019349865,0.021952079,0.039592071,0.028050343,0.01504999,-0.005406185,-0.007924723,-0.016211861,0.011932956,0.035352524,0.027497071
0.008028561,0.031970496,0.00438991,0.034120958,-0.002058569,0.012961075,-0.013260756,-0.006803428,-0.004419899,0.007842187,-0.005846141,-0.007949443,-0.008378843,0.031500149,0.006504923,-0.014050572,0.005944221,0.012588386,0.006923445,0.007252675,0.022434078,0.005510333,0.002125721,0.013670515,0.018198227,0.029463861,0.02953631,0.010458041,0.011937472,0.011676807,0.012157113,0.028955241,-0.012915813,0.011295159,0.019783643,0.033958338,0.000300465,0.038499365,-0.002377814,-0.004723144,0.013265766,0.015404132,0.006772688,0.028364521,0.004868409,0.010958359,0.037557788,0.015249369,0.009861394,0.015632604,0.023322215,0.012325774,0.025809672,0.029195219,0.0149713,0.013557977,0.014207529,0.020438972,0.015793898,0.015488982
0.018339521,-0.004949351,0.007632094,-0.002565108,0.032402539,-0.001187721,0.017416357,0.0175674,0.005715524,0.003329748,0.006109357,0.003008829,0.021194809,0.006054971,0.027832073,0.016166136,0.042757182,0.017989744,0.015073893,0.010563104,0.000247824,0.01053136,0.017735387,0.012630183,0.021282892,0.015620812,0.023198544,-0.001334537,0.007465318,0.012274346,0.009931851,0.010286437,0.011505427,0.015344316,0.020401834,0.02871716,0.013044732,0.018930166,0.009422561,0.003392203,0.004164651,0.032425918,0.025189679,0.010715794,0.026218832,0.010061487,0.027578866,0.009561491,0.027470845,0.011018762,0.01769891,0.036000929,0.029244797,0.014924574,0.02164507,-0.004211171,0.015109063,0.015021966,0.007669947,0.032682045
0.017055482,0.027931643,0.013785688,0.00313866,-0.004050949,-0.004058741,0.031545051,-0.012663278,0.02073099,0.02651483,0.044417196,0.016680145,0.007678792,-0.002113354,-0.006162418,-0.002355918,-0.013111542,0.024306192,-0.008379714,0.002628582,0.021173083,0.003522274,0.004195687,-0.002691099,-0.005475484,0.02272963,0.020013844,0.009816382,0.005705821,0.032840372,0.046899314,0.015286732,0.011674632,0.011029305,0.014854118,0.008655425,0.020722239,0.001984836,0.029967832,0.017112233,0.017913476,0.028846079,0.023306987,0.012897309,0.037953872,0.004086587,0.018982801,0.025061676,0.008851464,0.014577896,0.035807321,0.018252665,0.029274544,0.039619043,0.033684676,0.022669781,0.042514728,0.014922853,0.013818829,0.021270161
0.020322106,-0.059169198,-0.021565703,-0.002146533,0.007115685,-0.022921473,-0.009380291,0.099593651,-0.076076319,-0.024501944,-0.089859091,-0.033382577,-0.030041636,-0.060431248,0.057389527,-0.050792279,-0.013926714,0.008017628,-0.006328086,0.031381719,0.076911323,-0.01064902,0.07900084,0.030600385,0.033008693,-0.008176636,0.01644008,0.018467372,0.046218508,-0.000116936,0.005724467,0.020114455,0.026677082,0.028766095,0.028767855,0.033140401,0.052710054,0.006696413,0.030734765,-0.001773625,0.006627159,0.024344703,0.04585207,0.030090885,0.007771646,0.013101209,0.006539107,0.015849404,0.008516056,0.004267024,-0.005207423,0.004588396,0.027366992,0.013797761,0.021595356,0.008165718,0.026077046,0.018251812,0.01287676
0.032121151,0.006595892,-0.016008067,0.027712457,0.029833525,-0.00489424,0.021593596,0.007606725,0.023071277,0.011860599,-0.002105089,-0.001819059,0.011696849,-0.0169857,-0.00236965,0.00523621,-0.002637718,0.002577067,0.004367134,0.006222342,0.002928704,0.007637505,0.021810153,0.019087854,-0.001981578,-0.008069654,0.019697623,0.001042139,0.009572482,0.002571333,0.031776318,0.024563531,0.03664498,0.026154335,0.001872169,0.01261881,0.018630626,0.01402193,0.008856909,-0.009584861,0.033405512,0.00921251,-0.023249747,0.019649181,0.020136567,0.018063125,0.04206625,0.01720852,0.01391815,0.010761948,0.022267489,0.012918024,0.010073402,-0.002719658,0.021308291,0.033370534,0.021342252,0.045010609,0.001700784
-0.005965746,-0.024420246,0.025573318,0.016589118,0.001898603,0.005975776,0.003027981,0.017686158,-0.005474324,-0.038844143,0.008075889,0.03279194,0.057666937,-0.002349462,0.016316722,0.019616158,0.026311689,0.00326165,-0.006687365,0.008862655,-0.005203423,-0.006668388,0.034538906,0.002974252,0.024048229,0.027633245,-0.001120121,0.014400167,0.018942445,0.013502155,0.023436211,0.035729625,0.015036684,0.00603777,0.01568312,0.01715586,0.040788105,-0.00267189,0.022045041,0.010488789,0.031533469,0.023159293,0.01291611,0.030594779,0.008209764,0.004563704,0.003811005,0.005156097,0.021215997,-0.00657482,0.007109424,0.034381853,0.014521535,-0.013332761,0.017123411,0.00180811,-0.00600161,-0.003847268,0.016502059
-0.031512059,-0.021127237,-0.040525491,-0.026101442,-0.061699726,-0.038822199,-0.017381506,0.046537248,-0.060636754,-0.093840924,-0.049625135,-0.047501909,-0.040283739,0.016573661,-0.040011857,-0.057120644,-0.011231319,0.024250753,0.001705584,0.022558256,-0.020703478,0.033602267,-0.020363877,0.012210824,0.002765026,0.027697972,0.094885794,0.043524921,-0.012209501,0.01784821,0.035744912,0.023628529,0.017864185,0.055796569,0.054472601,0.053325685,0.040181241,0.043964938,0.026378757,0.034807003,-0.007049176,0.02208018,0.000615938,0.004231744,0.036350075,0.014794239,0.02474431,0.022717508,0.035808922,0.025082341,0.055772164,0.037583912,0.031933134,0.037515687,0.014079028,0.02638341,0.042341626,0.016532304,0.030558357
0.004808701,0.026321351,0.024189511,0.019192449,0.02150667,0.048881538,0.018136965,0.004212092,-0.006959101,-0.003097453,0.036055097,0.033316211,0.009792337,0.023748091,0.01837101,0.031504047,0.038355512,0.023717051,-0.005410815,0.03636489,0.015081919,0.029144587,0.010186026,0.022041238,0.027541572,0.029146481,0.04555671,0.023944654,0.008600252,0.033010033,0.003376953,0.020163086,0.025302984,0.013595478,0.030443597,0.008309454,-0.001017703,0.005197506,0.011083972,0.032704066,0.022300225,0.004778907,0.046068124,0.017435826,0.015087891,0.009169849,0.022533114,0.045339529,0.021480661,-0.014776014,0.008401288,0.021903953,0.039854463,0.040495576,0.024423729,0.007633917,0.024313778,0.004771525,0.009769634,0.00155012
0.00675687,0.001780436,-0.001264882,0.02161112,-0.0000264,0.004443649,0.002962937,-0.001824408,0.020555756,-0.002346088,0.014344996,0.014045887,0.007668379,-0.00396969,0.015185115,0.020675036,0.034716783,0.001831833,0.017555183,0.022530427,0.019335443,-0.007721516,0.006738603,-0.001520169,-0.004758797,0.001612336,-0.009907732,0.03260046,0.018553534,0.015975835,0.017168841,0.010007132,0.019826845,0.006484859,0.015917607,0.021968659,0.022332671,0.018474085,0.035438423,-0.003208897,0.031466804,0.020471081,0.035621236,0.025457305,0.030975984,0.004497071,0.0246082,0.003319247,0.043524343,0.039928945,0.029720834,0.003080633,0.028477903,0.011658422,0.039020583,0.02655173,0.044734147,0.027976777,0.044794402,0.015984909
